Date,Time,SpO2,PR,EtCO2(mmHg),RR,PulseOx_Status,Capno_Status,Sys_Status,LAL_SpO2,UAL_SpO2,LAL_PR,UAL_PR,LAL_EtCO2(mmHg),UAL_EtCO2(mmHg),LAL_RR,UAL_RR,Alarm_Volume,CRC,
2023-08-24,15:57:02,127,511,127,127,2048,208896,128,0,65535,0,65535,13.00,57.00,6,28,Full,61910,
2023-08-24,15:57:03,127,511,127,127,2048,77824,128,,,,,,,,,,20976,
2023-08-24,15:57:04,127,511,127,127,2048,77824,128,,,,,,,,,,8587,
2023-08-24,15:57:05,127,511,127,127,2048,77824,128,,,,,,,,,,59224,
2023-08-24,15:57:06,127,511,127,127,2048,77824,128,,,,,,,,,,48140,
2023-08-24,15:57:07,127,511,127,127,2048,77824,128,,,,,,,,,,31455,
2023-08-24,15:57:08,127,511,127,127,2048,77824,128,,,,,,,,,,23802,
2023-08-24,15:57:09,127,511,127,127,2048,77824,128,,,,,,,,,,39465,
2023-08-24,15:57:10,127,511,127,127,2048,69632,128,,,,,,,,,,54441,
2023-08-24,15:57:11,127,511,127,127,2048,69632,128,,,,,,,,,,4730,
2023-08-24,15:57:12,127,511,127,127,2048,69632,128,0,65535,0,65535,13.00,57.00,6,29,Full,27654,
2023-08-24,15:57:13,127,511,127,127,2048,69632,128,,,,,,,,,,36861,
2023-08-24,15:57:14,127,511,127,127,2048,69632,128,,,,,,,,,,65414,
2023-08-24,15:57:15,127,511,127,127,2048,69632,128,,,,,,,,,,14677,
2023-08-24,15:57:16,127,511,127,127,2048,69632,128,,,,,,,,,,25089,
2023-08-24,15:57:17,127,511,127,127,2048,69632,128,,,,,,,,,,42194,
2023-08-24,15:57:18,127,511,127,127,2048,69632,128,,,,,,,,,,33527,
2023-08-24,15:57:19,127,511,127,127,2048,69632,128,,,,,,,,,,17444,
2023-08-24,15:57:20,127,511,127,127,2048,69632,128,,,,,,,,,,27447,
2023-08-24,15:57:21,127,511,127,127,2048,69632,128,,,,,,,,,,44516,
2023-08-24,15:57:22,127,511,127,127,2048,69632,128,,,,,,,,,,63152,
2023-08-24,15:57:23,127,511,127,127,2048,69632,128,,,,,,,,,,12387,
2023-08-24,15:57:24,127,511,127,127,2048,69632,128,,,,,,,,,,16408,
2023-08-24,15:57:25,127,511,127,127,2048,69632,128,,,,,,,,,,34507,
2023-08-24,15:57:26,127,511,127,127,2048,69632,128,,,,,,,,,,56735,
2023-08-24,15:57:27,127,511,127,127,2048,69632,128,,,,,,,,,,6988,
2023-08-24,15:57:28,127,511,127,127,2048,69632,128,,,,,,,,,,15721,
2023-08-24,15:57:29,127,511,127,127,2048,69632,128,,,,,,,,,,64442,
2023-08-24,15:57:30,127,511,127,127,2048,69632,128,,,,,,,,,,445,
2023-08-24,15:57:31,127,511,127,127,2048,69632,128,,,,,,,,,,51054,
2023-08-24,15:57:32,127,511,127,127,2048,69632,128,,,,,,,,,,39994,
2023-08-24,15:57:33,127,511,127,127,2048,69632,128,,,,,,,,,,23273,
2023-08-24,15:57:34,127,511,127,127,2048,69632,128,,,,,,,,,,10898,
2023-08-24,15:57:35,127,511,127,127,2048,69632,128,,,,,,,,,,60481,
2023-08-24,15:57:36,127,511,127,127,2048,69632,128,,,,,,,,,,46869,
2023-08-24,15:57:37,127,511,127,127,2048,69632,128,,,,,,,,,,29126,
2023-08-24,15:57:38,127,511,127,127,2048,69632,128,,,,,,,,,,22499,
2023-08-24,15:57:39,127,511,127,127,2048,69632,128,,,,,,,,,,37168,
2023-08-24,15:57:40,127,511,127,127,2048,69632,128,,,,,,,,,,1066,
2023-08-24,15:57:41,127,511,127,127,2048,69632,128,,,,,,,,,,49913,
2023-08-24,15:57:42,127,511,127,127,2048,69632,128,,,,,,,,,,39341,
2023-08-24,15:57:43,127,511,127,127,2048,69632,128,,,,,,,,,,24446,
2023-08-24,15:57:44,127,511,127,127,2048,69632,128,,,,,,,,,,12037,
2023-08-24,15:57:45,127,511,127,127,2048,69632,128,,,,,,,,,,59862,
2023-08-24,15:57:46,127,511,127,127,2048,69632,128,,,,,,,,,,45698,
2023-08-24,15:57:47,127,511,127,127,2048,69632,128,,,,,,,,,,29777,
2023-08-24,15:57:48,127,511,127,127,2048,69632,128,,,,,,,,,,21108,
2023-08-24,15:57:49,127,511,127,127,2048,69632,128,,,,,,,,,,38055,
2023-08-24,15:57:50,127,511,127,127,2048,69632,128,,,,,,,,,,28320,
2023-08-24,15:57:51,127,511,127,127,2048,69632,128,,,,,,,,,,43123,
2023-08-24,15:57:52,127,511,127,127,2048,69632,128,,,,,,,,,,62247,
2023-08-24,15:57:53,127,511,127,127,2048,69632,128,,,,,,,,,,13812,
2023-08-24,15:57:54,127,511,127,127,2048,69632,128,,,,,,,,,,17807,
2023-08-24,15:57:55,127,511,127,127,2048,69632,128,,,,,,,,,,33628,
2023-08-24,15:57:56,127,511,127,127,2048,69632,128,,,,,,,,,,55304,
2023-08-24,15:57:57,127,511,127,127,2048,69632,128,,,,,,,,,,7899,
2023-08-24,15:57:58,127,511,127,127,2048,69632,128,,,,,,,,,,14590,
2023-08-24,15:57:59,127,511,127,127,2048,69632,128,,,,,,,,,,65069,
2023-08-24,15:58:00,127,511,127,127,2048,69632,128,,,,,,,,,,29526,
2023-08-24,15:58:01,127,511,127,127,2048,69632,128,,,,,,,,,,46469,
2023-08-24,15:58:02,127,511,127,127,2048,69632,128,,,,,,,,,,61137,
2023-08-24,15:58:03,127,511,127,127,2048,69632,128,,,,,,,,,,10242,
2023-08-24,15:58:04,127,511,127,127,2048,69632,128,,,,,,,,,,22649,
2023-08-24,15:58:05,127,511,127,127,2048,69632,128,,,,,,,,,,40618,
2023-08-24,15:58:06,127,511,127,127,2048,69632,128,,,,,,,,,,50686,
2023-08-24,15:58:07,127,511,127,127,2048,69632,128,,,,,,,,,,813,
2023-08-24,15:58:08,127,511,127,127,2048,69632,128,,,,,,,,,,9480,
2023-08-24,15:58:09,127,511,127,127,2048,69632,128,,,,,,,,,,58331,
2023-08-24,15:58:10,127,511,127,127,2048,69632,128,,,,,,,,,,6620,
2023-08-24,15:58:11,127,511,127,127,2048,69632,128,,,,,,,,,,57103,
2023-08-24,15:58:12,127,511,127,127,2048,69632,128,,,,,,,,,,33883,
2023-08-24,15:58:13,127,511,127,127,2048,69632,128,,,,,,,,,,17032,
2023-08-24,15:58:14,127,511,127,127,2048,69632,128,,,,,,,,,,13043,
2023-08-24,15:58:15,127,511,127,127,2048,69632,128,,,,,,,,,,62496,
2023-08-24,15:58:16,127,511,127,127,2048,69632,128,,,,,,,,,,44916,
2023-08-24,15:58:17,127,511,127,127,2048,69632,128,,,,,,,,,,27047,
2023-08-24,15:58:18,127,511,127,127,2048,69632,128,,,,,,,,,,20354,
2023-08-24,15:58:19,127,511,127,127,2048,69632,128,,,,,,,,,,35153,
2023-08-24,15:58:20,127,511,127,127,2048,69632,128,,,,,,,,,,42562,
2023-08-24,15:58:21,127,511,127,127,2048,69632,128,,,,,,,,,,24721,
2023-08-24,15:58:22,127,511,127,127,2048,69632,128,,,,,,,,,,15301,
2023-08-24,15:58:23,127,511,127,127,2048,69632,128,,,,,,,,,,64790,
2023-08-24,15:58:24,127,511,127,127,2048,69632,128,,,,,,,,,,36205,
2023-08-24,15:58:25,127,511,127,127,2048,69632,128,,,,,,,,,,19390,
2023-08-24,15:58:26,127,511,127,127,2048,69632,128,,,,,,,,,,4330,
2023-08-24,15:58:27,127,511,127,127,2048,69632,128,,,,,,,,,,54841,
2023-08-24,15:58:28,127,511,127,127,2048,69632,128,,,,,,,,,,61468,
2023-08-24,15:58:29,127,511,127,127,2048,69632,128,,,,,,,,,,14031,
2023-08-24,15:58:30,127,511,127,127,2048,69632,128,,,,,,,,,,52424,
2023-08-24,15:58:31,127,511,127,127,2048,69632,128,,,,,,,,,,2587,
2023-08-24,15:58:32,127,511,127,127,2048,69632,128,,,,,,,,,,20815,
2023-08-24,15:58:33,127,511,127,127,2048,69632,128,,,,,,,,,,38812,
2023-08-24,15:58:34,127,511,127,127,2048,69632,128,,,,,,,,,,59367,
2023-08-24,15:58:35,127,511,127,127,2048,69632,128,,,,,,,,,,8500,
2023-08-24,15:58:36,127,511,127,127,2048,69632,128,,,,,,,,,,31328,
2023-08-24,15:58:37,127,511,127,127,2048,69632,128,,,,,,,,,,48307,
2023-08-24,15:58:38,127,511,127,127,2048,69632,128,,,,,,,,,,39574,
2023-08-24,15:58:39,127,511,127,127,2048,69632,128,,,,,,,,,,23621,
2023-08-24,15:58:40,127,511,127,127,2048,69632,128,,,,,,,,,,51551,
2023-08-24,15:58:41,127,511,127,127,2048,69632,128,,,,,,,,,,3980,
2023-08-24,15:58:42,127,511,127,127,2048,69632,128,,,,,,,,,,21720,
2023-08-24,15:58:43,127,511,127,127,2048,69632,128,,,,,,,,,,37387,
2023-08-24,15:58:44,127,511,127,127,2048,69632,128,,,,,,,,,,57968,
2023-08-24,15:58:45,127,511,127,127,2048,69632,128,,,,,,,,,,9379,
2023-08-24,15:58:46,127,511,127,127,2048,69632,128,,,,,,,,,,32759,
2023-08-24,15:58:47,127,511,127,127,2048,69632,128,,,,,,,,,,47396,
2023-08-24,15:58:48,127,511,127,127,2048,69632,128,,,,,,,,,,40705,
2023-08-24,15:58:49,127,511,127,127,2048,69632,128,,,,,,,,,,22994,
2023-08-24,15:58:50,127,511,127,127,2048,69632,128,,,,,,,,,,41941,
2023-08-24,15:58:51,127,511,127,127,2048,69632,128,,,,,,,,,,25862,
2023-08-24,15:58:52,127,511,127,127,2048,69632,128,,,,,,,,,,15954,
2023-08-24,15:58:53,127,511,127,127,2048,69632,128,,,,,,,,,,63617,
2023-08-24,15:58:54,127,511,127,127,2048,69632,128,,,,,,,,,,35066,
2023-08-24,15:58:55,127,511,127,127,2048,69632,128,,,,,,,,,,20009,
2023-08-24,15:58:56,127,511,127,127,2048,69632,128,,,,,,,,,,5501,
2023-08-24,15:58:57,127,511,127,127,2048,69632,128,,,,,,,,,,54190,
2023-08-24,15:58:58,127,511,127,127,2048,69632,128,,,,,,,,,,62859,
2023-08-24,15:58:59,127,511,127,127,2048,69632,128,,,,,,,,,,13144,
2023-08-24,15:59:00,127,511,127,127,2048,69632,128,,,,,,,,,,42869,
2023-08-24,15:59:01,127,511,127,127,2048,69632,128,,,,,,,,,,24998,
2023-08-24,15:59:02,127,511,127,127,2048,69632,0,,,,,,,,,,4734,
2023-08-24,15:59:03,127,511,127,127,2048,69632,0,,,,,,,,,,64730,
2023-08-24,15:59:04,127,511,127,127,2048,69632,0,,,,,,,,,,21988,
2023-08-24,15:59:05,127,511,127,127,2048,69632,0,,,,,,,,,,47936,
2023-08-24,15:59:06,127,511,127,127,2048,69632,0,,,,,,,,,,39053,
2023-08-24,15:59:07,127,511,127,127,2048,69632,0,,,,,,,,,,30249,
2023-08-24,15:59:08,127,511,127,127,2048,69632,0,,,,,,,,,,56016,
2023-08-24,15:59:09,127,511,127,127,2048,69632,0,,,,,,,,,,13428,
2023-08-24,15:59:10,127,511,127,127,2048,69632,0,,,,,,,,,,26615,
2023-08-24,15:59:11,127,511,127,127,2048,69632,0,,,,,,,,,,35155,
2023-08-24,15:59:12,127,511,127,127,2048,69632,0,,,,,,,,,,43678,
2023-08-24,15:59:13,127,511,127,127,2048,69632,0,,,,,,,,,,17466,
2023-08-24,15:59:14,127,511,127,127,2048,69632,0,,,,,,,,,,60676,
2023-08-24,15:59:15,127,511,127,127,2048,69632,0,,,,,,,,,,928,
2023-08-24,15:59:16,127,511,127,127,2048,69632,0,,,,,,,,,,8301,
2023-08-24,15:59:17,127,511,127,127,2048,69632,0,,,,,,,,,,52937,
2023-08-24,15:59:18,127,511,127,127,2048,69632,0,,,,,,,,,,25136,
2023-08-24,15:59:19,127,511,127,127,2048,69632,0,,,,,,,,,,35988,
2023-08-24,15:59:20,127,511,127,127,2048,69632,0,,,,,,,,,,48886,
2023-08-24,15:59:21,127,511,127,127,2048,69632,0,,,,,,,,,,20562,
2023-08-24,15:59:22,127,511,127,127,2048,69632,0,,,,,,,,,,29599,
2023-08-24,15:59:23,127,511,127,127,2048,69632,0,,,,,,,,,,40251,
2023-08-24,15:59:24,127,511,127,127,2048,69632,0,,,,,,,,,,13317,
2023-08-24,15:59:25,127,511,127,127,2048,69632,0,,,,,,,,,,55969,
2023-08-24,15:59:26,127,511,127,127,2048,69632,0,,,,,,,,,,63852,
2023-08-24,15:59:27,127,511,127,127,2048,69632,0,,,,,,,,,,6088,
2023-08-24,15:59:28,127,511,127,127,2048,69632,0,,,,,,,,,,47921,
2023-08-24,15:59:29,127,511,127,127,2048,69632,0,,,,,,,,,,21909,
2023-08-24,15:59:30,127,511,127,127,2048,69632,0,,,,,,,,,,1558,
2023-08-24,15:59:31,127,511,127,127,2048,69632,0,,,,,,,,,,59570,
2023-08-24,15:59:32,127,511,127,127,2048,69632,0,,,,,,,,,,52095,
2023-08-24,15:59:33,127,511,127,127,2048,69632,0,,,,,,,,,,9691,
2023-08-24,15:59:34,127,511,127,127,2048,69632,0,,,,,,,,,,36069,
2023-08-24,15:59:35,127,511,127,127,2048,69632,0,,,,,,,,,,25153,
2023-08-24,15:59:36,127,511,127,127,2048,69632,0,,,,,,,,,,16780,
2023-08-24,15:59:37,127,511,127,127,2048,69632,0,,,,,,,,,,44840,
2023-08-24,15:59:38,127,511,127,127,2048,69632,0,,,,,,,,,,977,
2023-08-24,15:59:39,127,511,127,127,2048,69632,0,,,,,,,,,,60789,
2023-08-24,15:59:40,127,511,127,127,2048,69632,0,,,,,,,,,,7381,
2023-08-24,15:59:41,127,511,127,127,2048,69632,0,,,,,,,,,,62065,
2023-08-24,15:59:42,127,511,127,127,2048,69632,0,,,,,,,,,,53692,
2023-08-24,15:59:43,127,511,127,127,2048,69632,0,,,,,,,,,,16152,
2023-08-24,15:59:44,127,511,127,127,2048,69632,0,,,,,,,,,,38438,
2023-08-24,15:59:45,127,511,127,127,2048,69632,0,,,,,,,,,,30850,
2023-08-24,15:59:46,127,511,127,127,2048,69632,0,,,,,,,,,,23375,
2023-08-24,15:59:47,127,511,127,127,2048,69632,0,,,,,,,,,,46571,
2023-08-24,15:59:48,127,511,127,127,2048,69632,0,,,,,,,,,,6418,
2023-08-24,15:59:49,127,511,127,127,2048,69632,0,,,,,,,,,,63414,
2023-08-24,15:59:50,127,511,127,127,2048,69632,0,,,,,,,,,,42037,
2023-08-24,15:59:51,127,511,127,127,2048,69632,0,,,,,,,,,,19089,
2023-08-24,15:59:52,127,511,127,127,2048,69632,0,,,,,,,,,,26972,
2023-08-24,15:59:53,127,511,127,127,2048,69632,0,,,,,,,,,,34808,
2023-08-24,15:59:54,127,511,127,127,2048,69632,0,,,,,,,,,,11974,
2023-08-24,15:59:55,127,511,127,127,2048,69632,0,,,,,,,,,,49250,
2023-08-24,15:59:56,127,511,127,127,2048,69632,0,,,,,,,,,,58287,
2023-08-24,15:59:57,127,511,127,127,2048,69632,0,,,,,,,,,,3339,
2023-08-24,15:59:58,127,511,127,127,2048,69632,0,,,,,,,,,,41458,
2023-08-24,15:59:59,127,511,127,127,2048,69632,0,,,,,,,,,,20310,
2023-08-24,16:00:00,127,511,127,127,2048,69632,0,,,,,,,,,,28921,
2023-08-24,16:00:01,127,511,127,127,2048,69632,0,,,,,,,,,,40541,
2023-08-24,16:00:02,127,511,127,127,2048,69632,0,,,,,,,,,,48528,
2023-08-24,16:00:03,127,511,127,127,2048,69632,0,,,,,,,,,,21300,
2023-08-24,16:00:04,127,511,127,127,2048,69632,0,,,,,,,,,,64010,
2023-08-24,16:00:05,127,511,127,127,2048,69632,0,,,,,,,,,,5294,
2023-08-24,16:00:06,127,511,127,127,2048,69632,0,,,,,,,,,,14179,
2023-08-24,16:00:07,127,511,127,127,2048,69632,0,,,,,,,,,,55751,
2023-08-24,16:00:08,127,511,127,127,2048,69632,0,,,,,,,,,,30014,
2023-08-24,16:00:09,127,511,127,127,2048,69632,0,,,,,,,,,,39834,
2023-08-24,16:00:10,127,511,127,127,2048,69632,0,,,,,,,,,,51225,
2023-08-24,16:00:11,127,511,127,127,2048,69632,0,,,,,,,,,,9917,
2023-08-24,16:00:12,127,511,127,127,2048,69632,0,,,,,,,,,,1392,
2023-08-24,16:00:13,127,511,127,127,2048,69632,0,,,,,,,,,,60372,
2023-08-24,16:00:14,127,511,127,127,2048,69632,0,,,,,,,,,,17130,
2023-08-24,16:00:15,127,511,127,127,2048,69632,0,,,,,,,,,,44110,
2023-08-24,16:00:16,127,511,127,127,2048,69632,0,,,,,,,,,,36739,
2023-08-24,16:00:17,127,511,127,127,2048,69632,0,,,,,,,,,,24871,
2023-08-24,16:00:18,127,511,127,127,2048,69632,0,,,,,,,,,,52702,
2023-08-24,16:00:19,127,511,127,127,2048,69632,0,,,,,,,,,,9082,
2023-08-24,16:00:20,127,511,127,127,2048,69632,0,,,,,,,,,,4376,
2023-08-24,16:00:21,127,511,127,127,2048,69632,0,,,,,,,,,,65468,
2023-08-24,16:00:22,127,511,127,127,2048,69632,0,,,,,,,,,,56433,
2023-08-24,16:00:23,127,511,127,127,2048,69632,0,,,,,,,,,,13013,
2023-08-24,16:00:24,127,511,127,127,2048,69632,0,,,,,,,,,,39915,
2023-08-24,16:00:25,127,511,127,127,2048,69632,0,,,,,,,,,,30031,
2023-08-24,16:00:26,127,511,127,127,2048,69632,0,,,,,,,,,,22146,
2023-08-24,16:00:27,127,511,127,127,2048,69632,0,,,,,,,,,,47142,
2023-08-24,16:00:28,127,511,127,127,2048,69632,0,,,,,,,,,,5343,
2023-08-24,16:00:29,127,511,127,127,2048,69632,0,,,,,,,,,,64123,
2023-08-24,16:00:30,127,511,127,127,2048,69632,0,,,,,,,,,,43512,
2023-08-24,16:00:31,127,511,127,127,2048,69632,0,,,,,,,,,,18268,
2023-08-24,16:00:32,127,511,127,127,2048,69632,0,,,,,,,,,,25745,
2023-08-24,16:00:33,127,511,127,127,2048,69632,0,,,,,,,,,,35381,
2023-08-24,16:00:34,127,511,127,127,2048,69632,0,,,,,,,,,,8971,
2023-08-24,16:00:35,127,511,127,127,2048,69632,0,,,,,,,,,,52655,
2023-08-24,16:00:36,127,511,127,127,2048,69632,0,,,,,,,,,,61026,
2023-08-24,16:00:37,127,511,127,127,2048,69632,0,,,,,,,,,,198,
2023-08-24,16:00:38,127,511,127,127,2048,69632,0,,,,,,,,,,44095,
2023-08-24,16:00:39,127,511,127,127,2048,69632,0,,,,,,,,,,17051,
2023-08-24,16:00:40,127,511,127,127,2048,69632,0,,,,,,,,,,45883,
2023-08-24,16:00:41,127,511,127,127,2048,69632,0,,,,,,,,,,23967,
2023-08-24,16:00:42,127,511,127,127,2048,69632,0,,,,,,,,,,32338,
2023-08-24,16:00:43,127,511,127,127,2048,69632,0,,,,,,,,,,37110,
2023-08-24,16:00:44,127,511,127,127,2048,69632,0,,,,,,,,,,14792,
2023-08-24,16:00:45,127,511,127,127,2048,69632,0,,,,,,,,,,55148,
2023-08-24,16:00:46,127,511,127,127,2048,69632,0,,,,,,,,,,62625,
2023-08-24,16:00:47,127,511,127,127,2048,69632,0,,,,,,,,,,6661,
2023-08-24,16:00:48,127,511,127,127,2048,69632,0,,,,,,,,,,46844,
2023-08-24,16:00:49,127,511,127,127,2048,69632,0,,,,,,,,,,22616,
2023-08-24,16:00:50,127,511,127,127,2048,69632,0,,,,,,,,,,3035,
2023-08-24,16:00:51,127,511,127,127,2048,69632,0,,,,,,,,,,58751,
2023-08-24,16:00:52,127,511,127,127,2048,69632,0,,,,,,,,,,50866,
2023-08-24,16:00:53,127,511,127,127,2048,69632,0,,,,,,,,,,10262,
2023-08-24,16:00:54,127,511,127,127,2048,69632,0,,,,,,,,,,33064,
2023-08-24,16:00:55,127,511,127,127,2048,69632,0,,,,,,,,,,28556,
2023-08-24,16:00:56,127,511,127,127,2048,69632,0,,,,,,,,,,19521,
2023-08-24,16:00:57,127,511,127,127,2048,69632,0,,,,,,,,,,41701,
2023-08-24,16:00:58,127,511,127,127,2048,69632,0,,,,,,,,,,3612,
2023-08-24,16:00:59,127,511,127,127,2048,69632,0,,,,,,,,,,57528,
2023-08-24,16:01:00,127,511,127,127,2048,69632,0,,,,,,,,,,6771,
2023-08-24,16:01:01,127,511,127,127,2048,69632,0,,,,,,,,,,62679,
2023-08-24,16:01:02,127,511,127,127,2048,69632,0,,,,,,,,,,55066,
2023-08-24,16:01:03,127,511,127,127,2048,69632,0,,,,,,,,,,14782,
2023-08-24,16:01:04,127,511,127,127,2048,69632,0,,,,,,,,,,36992,
2023-08-24,16:01:05,127,511,127,127,2048,69632,0,,,,,,,,,,32292,
2023-08-24,16:01:06,127,511,127,127,2048,69632,0,,,,,,,,,,24041,
2023-08-24,16:01:07,127,511,127,127,2048,69632,0,,,,,,,,,,45901,
2023-08-24,16:01:08,127,511,127,127,2048,69632,0,,,,,,,,,,8116,
2023-08-24,16:01:09,127,511,127,127,2048,69632,0,,,,,,,,,,61712,
2023-08-24,16:01:10,127,511,127,127,2048,69632,0,,,,,,,,,,41619,
2023-08-24,16:01:11,127,511,127,127,2048,69632,0,,,,,,,,,,19511,
2023-08-24,16:01:12,127,511,127,127,2048,69632,0,,,,,,,,,,28666,
2023-08-24,16:01:13,127,511,127,127,2048,69632,0,,,,,,,,,,33118,
2023-08-24,16:01:14,127,511,127,127,2048,69632,0,,,,,,,,,,10336,
2023-08-24,16:01:15,127,511,127,127,2048,69632,0,,,,,,,,,,50884,
2023-08-24,16:01:16,127,511,127,127,2048,69632,0,,,,,,,,,,58633,
2023-08-24,16:01:17,127,511,127,127,2048,69632,0,,,,,,,,,,2989,
2023-08-24,16:01:18,127,511,127,127,2048,69632,0,,,,,,,,,,42836,
2023-08-24,16:01:19,127,511,127,127,2048,69632,0,,,,,,,,,,18928,
2023-08-24,16:01:20,127,511,127,127,2048,69632,0,,,,,,,,,,31634,
2023-08-24,16:01:21,127,511,127,127,2048,69632,0,,,,,,,,,,38198,
2023-08-24,16:01:22,127,511,127,127,2048,69632,0,,,,,,,,,,46843,
2023-08-24,16:01:23,127,511,127,127,2048,69632,0,,,,,,,,,,22623,
2023-08-24,16:01:24,127,511,127,127,2048,69632,0,,,,,,,,,,61793,
2023-08-24,16:01:25,127,511,127,127,2048,69632,0,,,,,,,,,,8133,
2023-08-24,16:01:26,127,511,127,127,2048,69632,0,,,,,,,,,,15368,
2023-08-24,16:01:27,127,511,127,127,2048,69632,0,,,,,,,,,,53932,
2023-08-24,16:01:28,127,511,127,127,2048,69632,0,,,,,,,,,,32341,
2023-08-24,16:01:29,127,511,127,127,2048,69632,0,,,,,,,,,,37105,
2023-08-24,16:01:30,127,511,127,127,2048,69632,0,,,,,,,,,,50034,
2023-08-24,16:01:31,127,511,127,127,2048,69632,0,,,,,,,,,,11734,
2023-08-24,16:01:32,127,511,127,127,2048,69632,0,,,,,,,,,,3611,
2023-08-24,16:01:33,127,511,127,127,2048,69632,0,,,,,,,,,,57535,
2023-08-24,16:01:34,127,511,127,127,2048,69632,0,,,,,,,,,,18817,
2023-08-24,16:01:35,127,511,127,127,2048,69632,0,,,,,,,,,,42789,
2023-08-24,16:01:36,127,511,127,127,2048,69632,0,,,,,,,,,,34024,
2023-08-24,16:01:37,127,511,127,127,2048,69632,0,,,,,,,,,,27212,
2023-08-24,16:01:38,127,511,127,127,2048,69632,0,,,,,,,,,,50869,
2023-08-24,16:01:39,127,511,127,127,2048,69632,0,,,,,,,,,,10257,
2023-08-24,16:01:40,127,511,127,127,2048,69632,0,,,,,,,,,,55729,
2023-08-24,16:01:41,127,511,127,127,2048,69632,0,,,,,,,,,,14101,
2023-08-24,16:01:42,127,511,127,127,2048,69632,0,,,,,,,,,,5336,
2023-08-24,16:01:43,127,511,127,127,2048,69632,0,,,,,,,,,,64124,
2023-08-24,16:01:44,127,511,127,127,2048,69632,0,,,,,,,,,,21314,
2023-08-24,16:01:45,127,511,127,127,2048,69632,0,,,,,,,,,,48614,
2023-08-24,16:01:46,127,511,127,127,2048,69632,0,,,,,,,,,,40491,
2023-08-24,16:01:47,127,511,127,127,2048,69632,0,,,,,,,,,,28815,
2023-08-24,16:01:48,127,511,127,127,2048,69632,0,,,,,,,,,,56438,
2023-08-24,16:01:49,127,511,127,127,2048,69632,0,,,,,,,,,,13010,
2023-08-24,16:01:50,127,511,127,127,2048,69632,0,,,,,,,,,,24913,
2023-08-24,16:01:51,127,511,127,127,2048,69632,0,,,,,,,,,,36853,
2023-08-24,16:01:52,127,511,127,127,2048,69632,0,,,,,,,,,,44088,
2023-08-24,16:01:53,127,511,127,127,2048,69632,0,,,,,,,,,,17052,
2023-08-24,16:01:54,127,511,127,127,2048,69632,0,,,,,,,,,,60322,
2023-08-24,16:01:55,127,511,127,127,2048,69632,0,,,,,,,,,,1286,
2023-08-24,16:01:56,127,511,127,127,2048,69632,0,,,,,,,,,,9931,
2023-08-24,16:01:57,127,511,127,127,2048,69632,0,,,,,,,,,,51311,
2023-08-24,16:01:58,127,511,127,127,2048,69632,0,,,,,,,,,,25750,
2023-08-24,16:01:59,127,511,127,127,2048,69632,0,,,,,,,,,,35378,
2023-08-24,16:02:00,127,511,127,127,2048,69632,0,,,,,,,,,,42477,
2023-08-24,16:02:01,127,511,127,127,2048,69632,0,,,,,,,,,,19273,
2023-08-24,16:02:02,127,511,127,127,2048,69632,0,,,,,,,,,,26756,
2023-08-24,16:02:03,127,511,127,127,2048,69632,0,,,,,,,,,,34336,
2023-08-24,16:02:04,127,511,127,127,2048,69632,0,,,,,,,,,,12062,
2023-08-24,16:02:05,127,511,127,127,2048,69632,0,,,,,,,,,,49594,
2023-08-24,16:02:06,127,511,127,127,2048,69632,0,,,,,,,,,,57975,
2023-08-24,16:02:07,127,511,127,127,2048,69632,0,,,,,,,,,,3283,
2023-08-24,16:02:08,127,511,127,127,2048,69632,0,,,,,,,,,,41002,
2023-08-24,16:02:09,127,511,127,127,2048,69632,0,,,,,,,,,,20110,
2023-08-24,16:02:10,127,511,127,127,2048,69632,0,,,,,,,,,,7437,
2023-08-24,16:02:11,127,511,127,127,2048,69632,0,,,,,,,,,,62377,
2023-08-24,16:02:12,127,511,127,127,2048,69632,0,,,,,,,,,,53348,
2023-08-24,16:02:13,127,511,127,127,2048,69632,0,,,,,,,,,,16064,
2023-08-24,16:02:14,127,511,127,127,2048,69632,0,,,,,,,,,,38910,
2023-08-24,16:02:15,127,511,127,127,2048,69632,0,,,,,,,,,,31066,
2023-08-24,16:02:16,127,511,127,127,2048,69632,0,,,,,,,,,,23191,
2023-08-24,16:02:17,127,511,127,127,2048,69632,0,,,,,,,,,,46131,
2023-08-24,16:02:18,127,511,127,127,2048,69632,0,,,,,,,,,,6346,
2023-08-24,16:02:19,127,511,127,127,2048,69632,0,,,,,,,,,,63086,
2023-08-24,16:02:20,127,511,127,127,2048,69632,0,,,,,,,,,,50188,
2023-08-24,16:02:21,127,511,127,127,2048,69632,0,,,,,,,,,,10920,
2023-08-24,16:02:22,127,511,127,127,2048,69632,0,,,,,,,,,,2405,
2023-08-24,16:02:23,127,511,127,127,2048,69632,0,,,,,,,,,,59329,
2023-08-24,16:02:24,127,511,127,127,2048,69632,0,,,,,,,,,,20223,
2023-08-24,16:02:25,127,511,127,127,2048,69632,0,,,,,,,,,,41051,
2023-08-24,16:02:26,127,511,127,127,2048,69632,0,,,,,,,,,,33686,
2023-08-24,16:02:27,127,511,127,127,2048,69632,0,,,,,,,,,,27954,
2023-08-24,16:02:28,127,511,127,127,2048,69632,0,,,,,,,,,,49611,
2023-08-24,16:02:29,127,511,127,127,2048,69632,0,,,,,,,,,,12143,
2023-08-24,16:02:30,127,511,127,127,2048,69632,0,,,,,,,,,,31980,
2023-08-24,16:02:31,127,511,127,127,2048,69632,0,,,,,,,,,,37448,
2023-08-24,16:02:32,127,511,127,127,2048,69632,0,,,,,,,,,,45445,
2023-08-24,16:02:33,127,511,127,127,2048,69632,0,,,,,,,,,,24353,
2023-08-24,16:02:34,127,511,127,127,2048,69632,0,,,,,,,,,,63007,
2023-08-24,16:02:35,127,511,127,127,2048,69632,0,,,,,,,,,,6331,
2023-08-24,16:02:36,127,511,127,127,2048,69632,0,,,,,,,,,,15222,
2023-08-24,16:02:37,127,511,127,127,2048,69632,0,,,,,,,,,,54738,
2023-08-24,16:02:38,127,511,127,127,2048,69632,0,,,,,,,,,,31019,
2023-08-24,16:02:39,127,511,127,127,2048,69632,0,,,,,,,,,,38799,
2023-08-24,16:02:40,127,511,127,127,2048,69632,0,,,,,,,,,,26159,
2023-08-24,16:02:41,127,511,127,127,2048,69632,0,,,,,,,,,,34955,
2023-08-24,16:02:42,127,511,127,127,2048,69632,0,,,,,,,,,,43846,
2023-08-24,16:02:43,127,511,127,127,2048,69632,0,,,,,,,,,,17890,
2023-08-24,16:02:44,127,511,127,127,2048,69632,0,,,,,,,,,,60636,
2023-08-24,16:02:45,127,511,127,127,2048,69632,0,,,,,,,,,,632,
2023-08-24,16:02:46,127,511,127,127,2048,69632,0,,,,,,,,,,8629,
2023-08-24,16:02:47,127,511,127,127,2048,69632,0,,,,,,,,,,53009,
2023-08-24,16:02:48,127,511,127,127,2048,69632,0,,,,,,,,,,25576,
2023-08-24,16:02:49,127,511,127,127,2048,69632,0,,,,,,,,,,36172,
2023-08-24,16:02:50,127,511,127,127,2048,69632,0,,,,,,,,,,57039,
2023-08-24,16:02:51,127,511,127,127,2048,69632,0,,,,,,,,,,12395,
2023-08-24,16:02:52,127,511,127,127,2048,69632,0,,,,,,,,,,5030,
2023-08-24,16:02:53,127,511,127,127,2048,69632,0,,,,,,,,,,64770,
2023-08-24,16:02:54,127,511,127,127,2048,69632,0,,,,,,,,,,21564,
2023-08-24,16:02:55,127,511,127,127,2048,69632,0,,,,,,,,,,47768,
2023-08-24,16:02:56,127,511,127,127,2048,69632,0,,,,,,,,,,39253,
2023-08-24,16:02:57,127,511,127,127,2048,69632,0,,,,,,,,,,30705,
2023-08-24,16:02:58,127,511,127,127,2048,69632,0,,,,,,,,,,56072,
2023-08-24,16:02:59,127,511,127,127,2048,69632,0,,,,,,,,,,13740,
2023-08-24,16:03:00,127,511,127,127,2048,69632,0,,,,,,,,,,53095,
2023-08-24,16:03:01,127,511,127,127,2048,69632,0,,,,,,,,,,8643,
2023-08-24,16:03:02,127,511,127,127,2048,69632,0,,,,,,,,,,526,
2023-08-24,16:03:03,127,511,127,127,2048,69632,0,,,,,,,,,,60586,
2023-08-24,16:03:04,127,511,127,127,2048,69632,0,,,,,,,,,,17812,
2023-08-24,16:03:05,127,511,127,127,2048,69632,0,,,,,,,,,,43824,
2023-08-24,16:03:06,127,511,127,127,2048,69632,0,,,,,,,,,,35069,
2023-08-24,16:03:07,127,511,127,127,2048,69632,0,,,,,,,,,,26201,
2023-08-24,16:03:08,127,511,127,127,2048,69632,0,,,,,,,,,,51872,
2023-08-24,16:03:09,127,511,127,127,2048,69632,0,,,,,,,,,,9220,
2023-08-24,16:03:10,127,511,127,127,2048,69632,0,,,,,,,,,,30599,
2023-08-24,16:03:11,127,511,127,127,2048,69632,0,,,,,,,,,,39203,
2023-08-24,16:03:12,127,511,127,127,2048,69632,0,0,65535,0,65535,13.00,57.00,6,29,Full,62247,
2023-08-24,16:03:13,127,511,127,127,2048,69632,0,,,,,,,,,,21578,
2023-08-24,16:03:14,127,511,127,127,2048,69632,0,,,,,,,,,,64884,
2023-08-24,16:03:15,127,511,127,127,2048,69632,0,,,,,,,,,,5072,
2023-08-24,16:03:16,127,511,127,127,2048,69632,0,,,,,,,,,,12317,
2023-08-24,16:03:17,127,511,127,127,2048,69632,0,,,,,,,,,,57017,
2023-08-24,16:03:18,127,511,127,127,2048,69632,0,,,,,,,,,,29248,
2023-08-24,16:03:19,127,511,127,127,2048,69632,0,,,,,,,,,,40164,
2023-08-24,16:03:20,127,511,127,127,2048,69632,0,,,,,,,,,,44678,
2023-08-24,16:03:21,127,511,127,127,2048,69632,0,,,,,,,,,,16418,
2023-08-24,16:03:22,127,511,127,127,2048,69632,0,,,,,,,,,,25583,
2023-08-24,16:03:23,127,511,127,127,2048,69632,0,,,,,,,,,,36171,
2023-08-24,16:03:24,127,511,127,127,2048,69632,0,,,,,,,,,,9333,
2023-08-24,16:03:25,127,511,127,127,2048,69632,0,,,,,,,,,,51921,
2023-08-24,16:03:26,127,511,127,127,2048,69632,0,,,,,,,,,,59676,
2023-08-24,16:03:27,127,511,127,127,2048,69632,0,,,,,,,,,,1976,
2023-08-24,16:03:28,127,511,127,127,2048,69632,0,,,,,,,,,,43841,
2023-08-24,16:03:29,127,511,127,127,2048,69632,0,,,,,,,,,,17893,
2023-08-24,16:03:30,127,511,127,127,2048,69632,0,,,,,,,,,,5734,
2023-08-24,16:03:31,127,511,127,127,2048,69632,0,,,,,,,,,,63682,
2023-08-24,16:03:32,127,511,127,127,2048,69632,0,,,,,,,,,,56079,
2023-08-24,16:03:33,127,511,127,127,2048,69632,0,,,,,,,,,,13739,
2023-08-24,16:03:34,127,511,127,127,2048,69632,0,,,,,,,,,,40085,
2023-08-24,16:03:35,127,511,127,127,2048,69632,0,,,,,,,,,,29233,
2023-08-24,16:03:36,127,511,127,127,2048,69632,0,,,,,,,,,,20988,
2023-08-24,16:03:37,127,511,127,127,2048,69632,0,,,,,,,,,,48984,
2023-08-24,16:03:38,127,511,127,127,2048,69632,0,,,,,,,,,,5025,
2023-08-24,16:03:39,127,511,127,127,2048,69632,0,,,,,,,,,,64773,
2023-08-24,16:03:40,127,511,127,127,2048,69632,0,,,,,,,,,,3237,
2023-08-24,16:03:41,127,511,127,127,2048,69632,0,,,,,,,,,,57857,
2023-08-24,16:03:42,127,511,127,127,2048,69632,0,,,,,,,,,,49612,
2023-08-24,16:03:43,127,511,127,127,2048,69632,0,,,,,,,,,,12136,
2023-08-24,16:03:44,127,511,127,127,2048,69632,0,,,,,,,,,,34390,
2023-08-24,16:03:45,127,511,127,127,2048,69632,0,,,,,,,,,,26866,
2023-08-24,16:03:46,127,511,127,127,2048,69632,0,,,,,,,,,,19263,
2023-08-24,16:03:47,127,511,127,127,2048,69632,0,,,,,,,,,,42395,
2023-08-24,16:03:48,127,511,127,127,2048,69632,0,,,,,,,,,,2402,
2023-08-24,16:03:49,127,511,127,127,2048,69632,0,,,,,,,,,,59334,
2023-08-24,16:03:50,127,511,127,127,2048,69632,0,,,,,,,,,,46149,
2023-08-24,16:03:51,127,511,127,127,2048,69632,0,,,,,,,,,,23265,
2023-08-24,16:03:52,127,511,127,127,2048,69632,0,,,,,,,,,,31020,
2023-08-24,16:03:53,127,511,127,127,2048,69632,0,,,,,,,,,,38792,
2023-08-24,16:03:54,127,511,127,127,2048,69632,0,,,,,,,,,,16054,
2023-08-24,16:03:55,127,511,127,127,2048,69632,0,,,,,,,,,,53266,
2023-08-24,16:03:56,127,511,127,127,2048,69632,0,,,,,,,,,,62431,
2023-08-24,16:03:57,127,511,127,127,2048,69632,0,,,,,,,,,,7547,
2023-08-24,16:03:58,127,511,127,127,2048,69632,0,,,,,,,,,,45442,
2023-08-24,16:03:59,127,511,127,127,2048,69632,0,,,,,,,,,,24358,
2023-08-24,16:04:00,127,511,127,127,2048,69632,0,,,,,,,,,,51952,
2023-08-24,16:04:01,127,511,127,127,2048,69632,0,,,,,,,,,,9300,
2023-08-24,16:04:02,127,511,127,127,2048,69632,0,,,,,,,,,,1945,
2023-08-24,16:04:03,127,511,127,127,2048,69632,0,,,,,,,,,,59709,
2023-08-24,16:04:04,127,511,127,127,2048,69632,0,,,,,,,,,,16387,
2023-08-24,16:04:05,127,511,127,127,2048,69632,0,,,,,,,,,,44711,
2023-08-24,16:04:06,127,511,127,127,2048,69632,0,,,,,,,,,,36202,
2023-08-24,16:04:07,127,511,127,127,2048,69632,0,,,,,,,,,,25550,
2023-08-24,16:04:08,127,511,127,127,2048,69632,0,,,,,,,,,,53047,
2023-08-24,16:04:09,127,511,127,127,2048,69632,0,,,,,,,,,,8595,
2023-08-24,16:04:10,127,511,127,127,2048,69632,0,,,,,,,,,,29200,
2023-08-24,16:04:11,127,511,127,127,2048,69632,0,,,,,,,,,,40116,
2023-08-24,16:04:12,127,511,127,127,2048,69632,0,,,,,,,,,,49017,
2023-08-24,16:04:13,127,511,127,127,2048,69632,0,,,,,,,,,,20957,
2023-08-24,16:04:14,127,511,127,127,2048,69632,0,,,,,,,,,,63715,
2023-08-24,16:04:15,127,511,127,127,2048,69632,0,,,,,,,,,,5703,
2023-08-24,16:04:16,127,511,127,127,2048,69632,0,,,,,,,,,,13706,
2023-08-24,16:04:17,127,511,127,127,2048,69632,0,,,,,,,,,,56110,
2023-08-24,16:04:18,127,511,127,127,2048,69632,0,,,,,,,,,,30679,
2023-08-24,16:04:19,127,511,127,127,2048,69632,0,,,,,,,,,,39283,
2023-08-24,16:04:20,127,511,127,127,2048,69632,0,,,,,,,,,,43793,
2023-08-24,16:04:21,127,511,127,127,2048,69632,0,,,,,,,,,,17845,
2023-08-24,16:04:22,127,511,127,127,2048,69632,0,,,,,,,,,,26232,
2023-08-24,16:04:23,127,511,127,127,2048,69632,0,,,,,,,,,,35036,
2023-08-24,16:04:24,127,511,127,127,2048,69632,0,,,,,,,,,,8674,
2023-08-24,16:04:25,127,511,127,127,2048,69632,0,,,,,,,,,,53062,
2023-08-24,16:04:26,127,511,127,127,2048,69632,0,,,,,,,,,,60555,
2023-08-24,16:04:27,127,511,127,127,2048,69632,0,,,,,,,,,,559,
2023-08-24,16:04:28,127,511,127,127,2048,69632,0,,,,,,,,,,44758,
2023-08-24,16:04:29,127,511,127,127,2048,69632,0,,,,,,,,,,16498,
2023-08-24,16:04:30,127,511,127,127,2048,69632,0,,,,,,,,,,5105,
2023-08-24,16:04:31,127,511,127,127,2048,69632,0,,,,,,,,,,64853,
2023-08-24,16:04:32,127,511,127,127,2048,69632,0,,,,,,,,,,56984,
2023-08-24,16:04:33,127,511,127,127,2048,69632,0,,,,,,,,,,12348,
2023-08-24,16:04:34,127,511,127,127,2048,69632,0,,,,,,,,,,39170,
2023-08-24,16:04:35,127,511,127,127,2048,69632,0,,,,,,,,,,30630,
2023-08-24,16:04:36,127,511,127,127,2048,69632,0,,,,,,,,,,21611,
2023-08-24,16:04:37,127,511,127,127,2048,69632,0,,,,,,,,,,47823,
2023-08-24,16:04:38,127,511,127,127,2048,69632,0,,,,,,,,,,5686,
2023-08-24,16:04:39,127,511,127,127,2048,69632,0,,,,,,,,,,63634,
2023-08-24,16:04:40,127,511,127,127,2048,69632,0,,,,,,,,,,2354,
2023-08-24,16:04:41,127,511,127,127,2048,69632,0,,,,,,,,,,59286,
2023-08-24,16:04:42,127,511,127,127,2048,69632,0,,,,,,,,,,50267,
2023-08-24,16:04:43,127,511,127,127,2048,69632,0,,,,,,,,,,11007,
2023-08-24,16:04:44,127,511,127,127,2048,69632,0,,,,,,,,,,33729,
2023-08-24,16:04:45,127,511,127,127,2048,69632,0,,,,,,,,,,28005,
2023-08-24,16:04:46,127,511,127,127,2048,69632,0,,,,,,,,,,20136,
2023-08-24,16:04:47,127,511,127,127,2048,69632,0,,,,,,,,,,40972,
2023-08-24,16:04:48,127,511,127,127,2048,69632,0,,,,,,,,,,3317,
2023-08-24,16:04:49,127,511,127,127,2048,69632,0,,,,,,,,,,57937,
2023-08-24,16:04:50,127,511,127,127,2048,69632,0,,,,,,,,,,45522,
2023-08-24,16:04:51,127,511,127,127,2048,69632,0,,,,,,,,,,24438,
2023-08-24,16:04:52,127,511,127,127,2048,69632,0,,,,,,,,,,31931,
2023-08-24,16:04:53,127,511,127,127,2048,69632,0,,,,,,,,,,37407,
2023-08-24,16:04:54,127,511,127,127,2048,69632,0,,,,,,,,,,15137,
2023-08-24,16:04:55,127,511,127,127,2048,69632,0,,,,,,,,,,54661,
2023-08-24,16:04:56,127,511,127,127,2048,69632,0,,,,,,,,,,63048,
2023-08-24,16:04:57,127,511,127,127,2048,69632,0,,,,,,,,,,6380,
2023-08-24,16:04:58,127,511,127,127,2048,69632,0,,,,,,,,,,46101,
2023-08-24,16:04:59,127,511,127,127,2048,69632,0,,,,,,,,,,23217,
2023-08-24,16:05:00,127,511,127,127,2048,69632,0,,,,,,,,,,41082,
2023-08-24,16:05:01,127,511,127,127,2048,69632,0,,,,,,,,,,20190,
2023-08-24,16:05:02,127,511,127,127,2048,69632,0,,,,,,,,,,27923,
2023-08-24,16:05:03,127,511,127,127,2048,69632,0,,,,,,,,,,33719,
2023-08-24,16:05:04,127,511,127,127,2048,69632,0,,,,,,,,,,10889,
2023-08-24,16:05:05,127,511,127,127,2048,69632,0,,,,,,,,,,50221,
2023-08-24,16:05:06,127,511,127,127,2048,69632,0,,,,,,,,,,59360,
2023-08-24,16:05:07,127,511,127,127,2048,69632,0,,,,,,,,,,2372,
2023-08-24,16:05:08,127,511,127,127,2048,69632,0,,,,,,,,,,42429,
2023-08-24,16:05:09,127,511,127,127,2048,69632,0,,,,,,,,,,19225,
2023-08-24,16:05:10,127,511,127,127,2048,69632,0,,,,,,,,,,6298,
2023-08-24,16:05:11,127,511,127,127,2048,69632,0,,,,,,,,,,63038,
2023-08-24,16:05:12,127,511,127,127,2048,69632,0,,,,,,,,,,54771,
2023-08-24,16:05:13,127,511,127,127,2048,69632,0,,,,,,,,,,15191,
2023-08-24,16:05:14,127,511,127,127,2048,69632,0,,,,,,,,,,37481,
2023-08-24,16:05:15,127,511,127,127,2048,69632,0,,,,,,,,,,31949,
2023-08-24,16:05:16,127,511,127,127,2048,69632,0,,,,,,,,,,24320,
2023-08-24,16:05:17,127,511,127,127,2048,69632,0,,,,,,,,,,45476,
2023-08-24,16:05:18,127,511,127,127,2048,69632,0,,,,,,,,,,7517,
2023-08-24,16:05:19,127,511,127,127,2048,69632,0,,,,,,,,,,62457,
2023-08-24,16:05:20,127,511,127,127,2048,69632,0,,,,,,,,,,49563,
2023-08-24,16:05:21,127,511,127,127,2048,69632,0,,,,,,,,,,12095,
2023-08-24,16:05:22,127,511,127,127,2048,69632,0,,,,,,,,,,3314,
2023-08-24,16:05:23,127,511,127,127,2048,69632,0,,,,,,,,,,57942,
2023-08-24,16:05:24,127,511,127,127,2048,69632,0,,,,,,,,,,19304,
2023-08-24,16:05:25,127,511,127,127,2048,69632,0,,,,,,,,,,42444,
2023-08-24,16:05:26,127,511,127,127,2048,69632,0,,,,,,,,,,34305,
2023-08-24,16:05:27,127,511,127,127,2048,69632,0,,,,,,,,,,26789,
2023-08-24,16:05:28,127,511,127,127,2048,69632,0,,,,,,,,,,50268,
2023-08-24,16:05:29,127,511,127,127,2048,69632,0,,,,,,,,,,11000,
2023-08-24,16:05:30,127,511,127,127,2048,69632,0,,,,,,,,,,31099,
2023-08-24,16:05:31,127,511,127,127,2048,69632,0,,,,,,,,,,38879,
2023-08-24,16:05:32,127,511,127,127,2048,69632,0,,,,,,,,,,46098,
2023-08-24,16:05:33,127,511,127,127,2048,69632,0,,,,,,,,,,23222,
2023-08-24,16:05:34,127,511,23,127,2048,0,0,,,,,,,,,,10779,
2023-08-24,16:05:35,127,511,23,127,2048,0,0,,,,,,,,,,19758,
2023-08-24,16:05:36,127,511,23,127,2048,0,0,,,,,,,,,,58481,
2023-08-24,16:05:37,127,511,23,127,2048,0,0,,,,,,,,,,33604,
2023-08-24,16:05:38,127,511,23,127,2048,0,0,,,,,,,,,,44837,
2023-08-24,16:05:39,127,511,23,127,2048,0,0,,,,,,,,,,51216,
2023-08-24,16:05:40,127,511,23,127,2048,0,0,,,,,,,,,,30761,
2023-08-24,16:05:41,127,511,23,127,2048,0,0,,,,,,,,,,7964,
2023-08-24,16:05:42,127,511,23,127,2048,0,0,,,,,,,,,,46659,
2023-08-24,16:05:43,127,511,23,127,2048,0,0,,,,,,,,,,53622,
2023-08-24,16:05:44,127,511,23,6,2048,0,0,,,,,,,,,,53053,
2023-08-24,16:05:45,127,511,23,6,2048,0,0,,,,,,,,,,17121,
2023-08-24,16:05:46,127,511,23,6,2048,0,0,,,,,,,,,,50340,
2023-08-24,16:05:47,127,511,23,6,2048,0,0,,,,,,,,,,18808,
2023-08-24,16:05:48,127,511,23,6,2048,0,0,,,,,,,,,,63083,
2023-08-24,16:05:49,127,511,23,6,2048,0,0,,,,,,,,,,31671,
2023-08-24,16:05:50,127,511,23,6,2048,0,0,,,,,,,,,,17450,
2023-08-24,16:05:51,127,511,23,6,2048,0,0,,,,,,,,,,51702,
2023-08-24,16:05:52,127,511,23,6,2048,0,0,,,,,,,,,,20403,
2023-08-24,16:05:53,127,511,23,6,2048,0,0,,,,,,,,,,49775,
2023-08-24,16:05:54,127,511,23,6,2048,0,0,,,,,,,,,,21272,
2023-08-24,16:05:55,127,511,23,6,2048,0,0,,,,,,,,,,57028,
2023-08-24,16:05:56,127,511,23,6,2048,0,0,,,,,,,,,,22657,
2023-08-24,16:05:57,127,511,36,5,2048,16,0,,,,,,,,,,61593,
2023-08-24,16:05:58,127,511,36,5,2048,16,0,,,,,,,,,,46509,
2023-08-24,16:05:59,127,511,36,5,2048,16,0,,,,,,,,,,10632,
2023-08-24,16:06:00,127,511,35,12,2048,0,0,,,,,,,,,,50991,
2023-08-24,16:06:01,127,511,35,12,2048,0,0,,,,,,,,,,23306,
2023-08-24,16:06:02,127,511,32,14,2048,0,0,,,,,,,,,,31230,
2023-08-24,16:06:03,127,511,32,14,2048,0,0,,,,,,,,,,58843,
2023-08-24,16:06:04,127,511,32,14,2048,0,128,,,,,,,,,,35628,
2023-08-24,16:06:05,127,511,32,14,2048,0,128,,,,,,,,,,41581,
2023-08-24,16:06:06,127,511,32,14,2048,0,128,,,,,,,,,,55726,
2023-08-24,16:06:07,127,511,43,13,2048,0,128,,,,,,,,,,53558,
2023-08-24,16:06:08,127,511,43,13,2048,0,128,,,,,,,,,,21976,
2023-08-24,16:06:09,127,511,43,13,2048,0,128,,,,,,,,,,31897,
2023-08-24,16:06:10,127,511,42,15,2048,0,128,,,,,,,,,,49919,
2023-08-24,16:06:11,127,511,42,15,2048,0,128,,,,,,,,,,60350,
2023-08-24,16:06:12,127,511,42,15,2048,0,128,,,,,,,,,,36989,
2023-08-24,16:06:13,127,511,42,15,2048,0,128,,,,,,,,,,47420,
2023-08-24,16:06:14,127,511,38,17,2048,0,128,,,,,,,,,,20357,
2023-08-24,16:06:15,127,511,38,17,2048,0,128,,,,,,,,,,26308,
2023-08-24,16:06:16,127,511,38,17,2048,0,128,,,,,,,,,,7431,
2023-08-24,16:06:17,127,511,38,17,2048,0,128,,,,,,,,,,13382,
2023-08-24,16:06:18,127,511,38,17,2048,0,128,,,,,,,,,,45224,
2023-08-24,16:06:19,127,511,38,17,2048,0,128,,,,,,,,,,39401,
2023-08-24,16:06:20,127,511,38,17,2048,0,128,,,,,,,,,,59005,
2023-08-24,16:06:21,127,511,38,17,2048,0,128,,,,,,,,,,53052,
2023-08-24,16:06:22,127,511,40,7,2048,0,128,,,,,,,,,,4351,
2023-08-24,16:06:23,127,511,40,7,2048,0,128,,,,,,,,,,30666,
2023-08-24,16:06:24,127,511,40,7,2048,0,128,,,,,,,,,,21088,
2023-08-24,16:06:25,127,511,40,7,2048,0,128,,,,,,,,,,13653,
2023-08-24,16:06:26,127,511,40,7,2048,0,128,,,,,,,,,,39946,
2023-08-24,16:06:27,127,511,40,7,2048,0,128,,,,,,,,,,64319,
2023-08-24,16:06:28,127,511,40,7,2048,0,128,,,,,,,,,,55134,
2023-08-24,16:06:29,127,511,40,7,2048,0,128,,,,,,,,,,45163,
2023-08-24,16:06:30,127,511,40,7,2048,0,128,,,,,,,,,,63444,
2023-08-24,16:06:31,127,511,40,7,2048,0,128,,,,,,,,,,37089,
2023-08-24,16:06:32,127,511,28,6,2048,0,128,,,,,,,,,,29126,
2023-08-24,16:06:33,127,511,28,6,2048,0,128,,,,,,,,,,5875,
2023-08-24,16:06:34,127,511,28,6,2048,0,128,,,,,,,,,,13145,
2023-08-24,16:06:35,127,511,28,6,2048,0,128,,,,,,,,,,21612,
2023-08-24,16:06:36,127,511,32,12,2048,0,128,,,,,,,,,,43427,
2023-08-24,16:06:37,127,511,32,12,2048,0,128,,,,,,,,,,32994,
2023-08-24,16:06:38,127,511,32,12,2048,0,128,,,,,,,,,,1036,
2023-08-24,16:06:39,127,511,32,12,2048,0,128,,,,,,,,,,11597,
2023-08-24,16:06:40,127,511,35,17,2048,0,128,,,,,,,,,,45346,
2023-08-24,16:06:41,127,511,35,17,2048,0,128,,,,,,,,,,39011,
2023-08-24,16:06:42,127,511,35,17,2048,0,128,,,,,,,,,,58272,
2023-08-24,16:06:43,127,511,35,17,2048,0,128,,,,,,,,,,51937,
2023-08-24,16:06:44,127,511,35,17,2048,0,128,,,,,,,,,,5158,
2023-08-24,16:06:45,127,511,35,17,2048,0,128,,,,,,,,,,15719,
2023-08-24,16:06:46,127,511,35,17,2048,0,128,,,,,,,,,,18084,
2023-08-24,16:06:47,127,511,35,17,2048,0,128,,,,,,,,,,28645,
2023-08-24,16:06:48,127,511,35,17,2048,0,128,,,,,,,,,,60171,
2023-08-24,16:06:49,127,511,35,17,2048,0,128,,,,,,,,,,49738,
2023-08-24,16:06:50,127,511,38,6,2048,0,128,,,,,,,,,,3486,
2023-08-24,16:06:51,127,511,38,6,2048,0,128,,,,,,,,,,27307,
2023-08-24,16:06:52,127,511,38,6,2048,0,128,,,,,,,,,,50164,
2023-08-24,16:06:53,127,511,38,6,2048,0,128,,,,,,,,,,42177,
2023-08-24,16:06:54,127,511,38,6,2048,0,128,,,,,,,,,,33131,
2023-08-24,16:06:55,127,511,38,6,2048,0,128,,,,,,,,,,58974,
2023-08-24,16:06:56,127,511,38,6,2048,0,128,,,,,,,,,,20225,
2023-08-24,16:06:57,127,511,38,6,2048,0,128,,,,,,,,,,10292,
2023-08-24,16:06:58,127,511,38,6,2048,0,128,,,,,,,,,,1109,
2023-08-24,16:06:59,127,511,38,6,2048,0,128,,,,,,,,,,25440,
2023-08-24,16:07:00,127,511,38,6,2048,0,128,,,,,,,,,,25920,
2023-08-24,16:07:01,127,511,38,6,2048,0,128,,,,,,,,,,629,
2023-08-24,16:07:02,127,511,38,6,2048,0,128,,,,,,,,,,43818,
2023-08-24,16:07:03,127,511,38,6,2048,0,128,,,,,,,,,,52255,
2023-08-24,16:07:04,127,511,38,6,2048,0,128,,,,,,,,,,59829,
2023-08-24,16:07:05,127,511,38,6,2048,0,128,,,,,,,,,,36480,
2023-08-24,16:07:06,127,511,38,6,2048,0,128,,,,,,,,,,10207,
2023-08-24,16:07:07,127,511,38,6,2048,0,128,,,,,,,,,,16618,
2023-08-24,16:07:08,127,511,38,6,2048,0,128,,,,,,,,,,27787,
2023-08-24,16:07:09,127,511,38,6,2048,0,128,,,,,,,,,,3006,
2023-08-24,16:07:10,127,511,38,6,2048,0,128,,,,,,,,,,19457,
2023-08-24,16:07:11,127,511,38,6,2048,0,128,,,,,,,,,,11060,
2023-08-24,16:07:12,127,511,38,6,2048,0,128,,,,,,,,,,33387,
2023-08-24,16:07:13,127,511,38,6,2048,0,128,,,,,,,,,,58718,
2023-08-24,16:07:14,127,511,38,6,2048,0,128,,,,,,,,,,49396,
2023-08-24,16:07:15,127,511,38,6,2048,0,128,,,,,,,,,,42945,
2023-08-24,16:07:16,127,511,38,6,2048,0,128,,,,,,,,,,3742,
2023-08-24,16:07:17,127,511,38,6,2048,0,128,,,,,,,,,,27051,
2023-08-24,16:07:18,127,511,38,6,2048,0,128,,,,,,,,,,17866,
2023-08-24,16:07:19,127,511,38,6,2048,0,128,,,,,,,,,,8959,
2023-08-24,16:07:20,127,511,127,127,2048,512,128,,,,,,,,,,47337,
2023-08-24,16:07:21,127,511,127,127,2048,512,128,,,,,,,,,,22093,
2023-08-24,16:07:22,127,511,127,127,2048,512,128,,,,,,,,,,30080,
2023-08-24,16:07:23,127,511,127,127,2048,512,128,,,,,,,,,,39716,
2023-08-24,16:07:24,127,511,127,127,2048,512,128,,,,,,,,,,12826,
2023-08-24,16:07:25,127,511,127,127,2048,512,128,,,,,,,,,,56510,
2023-08-24,16:07:26,127,511,127,127,2048,512,128,,,,,,,,,,65395,
2023-08-24,16:07:27,127,511,127,127,2048,512,128,,,,,,,,,,4567,
2023-08-24,16:07:28,127,511,127,127,2048,512,128,,,,,,,,,,48430,
2023-08-24,16:07:29,127,511,127,127,2048,512,128,,,,,,,,,,21386,
2023-08-24,16:07:30,127,511,127,127,2048,512,128,,,,,,,,,,9,
2023-08-24,16:07:31,127,511,127,127,2048,512,128,,,,,,,,,,61101,
2023-08-24,16:07:32,127,511,127,127,2048,512,128,,,,,,,,,,52576,
2023-08-24,16:07:33,127,511,127,127,2048,512,128,,,,,,,,,,9156,
2023-08-24,16:07:34,127,511,127,127,2048,512,128,,,,,,,,,,35578,
2023-08-24,16:07:35,127,511,127,127,2048,512,128,,,,,,,,,,25694,
2023-08-24,16:07:36,127,511,127,127,2048,512,128,,,,,,,,,,18323,
2023-08-24,16:07:37,127,511,127,127,2048,512,128,,,,,,,,,,43319,
2023-08-24,16:07:38,127,511,127,127,2048,512,128,,,,,,,,,,1486,
2023-08-24,16:07:39,127,511,127,127,2048,512,128,,,,,,,,,,60266,
2023-08-24,16:07:40,127,511,127,127,2048,512,128,,,,,,,,,,6858,
2023-08-24,16:07:41,127,511,127,127,2048,512,128,,,,,,,,,,62574,
2023-08-24,16:07:42,127,511,127,127,2048,512,128,,,,,,,,,,55203,
2023-08-24,16:07:43,127,511,127,127,2048,512,128,,,,,,,,,,14599,
2023-08-24,16:07:44,127,511,127,127,2048,512,128,,,,,,,,,,36921,
2023-08-24,16:07:45,127,511,127,127,2048,512,128,,,,,,,,,,32413,
2023-08-24,16:07:46,127,511,127,127,2048,512,128,,,,,,,,,,23888,
2023-08-24,16:07:47,127,511,127,127,2048,512,128,,,,,,,,,,46068,
2023-08-24,16:07:48,127,511,127,127,2048,512,128,,,,,,,,,,7949,
2023-08-24,16:07:49,127,511,127,127,2048,512,128,,,,,,,,,,61865,
2023-08-24,16:07:50,127,511,127,127,2048,512,128,,,,,,,,,,41514,
2023-08-24,16:07:51,127,511,127,127,2048,512,128,,,,,,,,,,19598,
2023-08-24,16:07:52,127,511,127,127,2048,512,128,,,,,,,,,,28483,
2023-08-24,16:07:53,127,511,127,127,2048,512,128,,,,,,,,,,33255,
2023-08-24,16:07:54,127,511,127,127,2048,512,128,,,,,,,,,,10457,
2023-08-24,16:07:55,127,511,127,127,2048,512,128,,,,,,,,,,50813,
2023-08-24,16:07:56,127,511,127,127,2048,512,128,,,,,,,,,,58800,
2023-08-24,16:07:57,127,511,127,127,2048,512,128,,,,,,,,,,2836,
2023-08-24,16:07:58,127,511,127,127,2048,512,128,,,,,,,,,,42989,
2023-08-24,16:07:59,127,511,127,127,2048,512,128,,,,,,,,,,18761,
2023-08-24,16:08:00,127,511,127,127,2048,512,128,,,,,,,,,,47276,
2023-08-24,16:08:01,127,511,127,127,2048,512,128,,,,,,,,,,22024,
2023-08-24,16:08:02,127,511,127,127,2048,512,128,,,,,,,,,,30149,
2023-08-24,16:08:03,127,511,127,127,2048,512,0,,,,,,,,,,31615,
2023-08-24,16:08:04,127,511,127,127,2048,512,0,,,,,,,,,,58620,
2023-08-24,16:08:05,127,511,127,127,2048,512,0,,,,,,,,,,103,
2023-08-24,16:08:06,127,511,127,127,2048,512,0,,,,,,,,,,15851,
2023-08-24,16:08:07,127,511,28,127,2048,0,0,,,,,,,,,,6928,
2023-08-24,16:08:08,127,511,28,127,2048,0,0,,,,,,,,,,14193,
2023-08-24,16:08:09,127,511,28,127,2048,0,0,,,,,,,,,,20548,
2023-08-24,16:08:10,127,511,28,127,2048,0,0,,,,,,,,,,6139,
2023-08-24,16:08:11,127,511,28,127,2048,0,0,,,,,,,,,,28878,
2023-08-24,16:08:12,127,511,28,127,2048,0,0,,,,,,,,,,55697,
2023-08-24,16:08:13,127,511,28,127,2048,0,0,,,,,,,,,,48804,
2023-08-24,16:08:14,127,511,28,127,2048,0,0,,,,,,,,,,39694,
2023-08-24,16:08:15,127,511,28,127,2048,0,0,,,,,,,,,,64571,
2023-08-24,16:08:16,127,511,28,127,2048,0,0,,,,,,,,,,21860,
2023-08-24,16:08:17,127,511,28,127,2048,0,0,,,,,,,,,,12881,
2023-08-24,16:08:18,127,511,28,127,2048,0,0,,,,,,,,,,7728,
2023-08-24,16:08:19,127,511,19,5,2048,16,0,,,,,,,,,,16363,
2023-08-24,16:08:20,127,511,19,5,2048,16,0,,,,,,,,,,43837,
2023-08-24,16:08:21,127,511,19,5,2048,16,0,,,,,,,,,,14104,
2023-08-24,16:08:22,127,511,19,5,2048,16,0,,,,,,,,,,33622,
2023-08-24,16:08:23,127,511,19,5,2048,16,0,,,,,,,,,,8051,
2023-08-24,16:08:24,127,511,19,5,2048,16,0,,,,,,,,,,64491,
2023-08-24,16:08:25,127,511,38,10,2048,0,0,,,,,,,,,,40106,
2023-08-24,16:08:26,127,511,38,10,2048,0,0,,,,,,,,,,10468,
2023-08-24,16:08:27,127,511,38,10,2048,0,0,,,,,,,,,,46273,
2023-08-24,16:08:28,127,511,38,10,2048,0,0,,,,,,,,,,61941,
2023-08-24,16:08:29,127,511,38,13,2048,0,0,,,,,,,,,,13061,
2023-08-24,16:08:30,127,511,38,13,2048,0,0,,,,,,,,,,27065,
2023-08-24,16:08:31,127,511,34,19,2048,0,0,,,,,,,,,,49013,
2023-08-24,16:08:32,127,511,34,19,2048,0,0,,,,,,,,,,2875,
2023-08-24,16:08:33,127,511,32,22,2048,0,0,,,,,,,,,,21586,
2023-08-24,16:08:34,127,511,32,22,2048,0,0,,,,,,,,,,45258,
2023-08-24,16:08:35,127,511,32,22,2048,0,0,,,,,,,,,,11503,
2023-08-24,16:08:36,127,511,30,30,2048,32,0,,,,,,,,,,26290,
2023-08-24,16:08:37,127,511,30,30,2048,32,0,,,,,,,,,,391,
2023-08-24,16:08:38,127,511,30,30,2048,32,0,,,,,,,,,,11750,
2023-08-24,16:08:39,127,511,28,19,2048,0,0,,,,,,,,,,46572,
2023-08-24,16:08:40,127,511,28,19,2048,0,0,,,,,,,,,,44495,
2023-08-24,16:08:41,127,511,28,19,2048,0,128,,,,,,,,,,43642,
2023-08-24,16:08:42,127,511,28,21,2048,0,128,,,,,,,,,,8199,
2023-08-24,16:08:43,127,511,28,21,2048,0,128,,,,,,,,,,2374,
2023-08-24,16:08:44,127,511,31,23,2048,0,128,,,,,,,,,,59398,
2023-08-24,16:08:45,127,511,31,23,2048,0,128,,,,,,,,,,49479,
2023-08-24,16:08:46,127,511,35,26,2048,0,128,,,,,,,,,,30444,
2023-08-24,16:08:47,127,511,35,26,2048,0,128,,,,,,,,,,24493,
2023-08-24,16:08:48,127,511,35,26,2048,0,128,,,,,,,,,,56131,
2023-08-24,16:08:49,127,511,35,23,2048,0,128,,,,,,,,,,14491,
2023-08-24,16:08:50,127,511,35,23,2048,0,128,,,,,,,,,,49080,
2023-08-24,16:08:51,127,511,35,23,2048,0,128,,,,,,,,,,38649,
2023-08-24,16:08:52,127,511,36,22,2048,0,128,,,,,,,,,,20030,
2023-08-24,16:08:53,127,511,36,22,2048,0,128,,,,,,,,,,26495,
2023-08-24,16:08:54,127,511,36,22,2048,0,128,,,,,,,,,,47544,
2023-08-24,16:08:55,127,511,37,20,2048,0,128,,,,,,,,,,3837,
2023-08-24,16:08:56,127,511,37,20,2048,0,128,,,,,,,,,,30014,
2023-08-24,16:08:57,127,511,37,20,2048,0,128,,,,,,,,,,23679,
2023-08-24,16:08:58,127,511,36,19,2048,0,128,,,,,,,,,,323,
2023-08-24,16:08:59,127,511,36,19,2048,0,128,,,,,,,,,,10242,
2023-08-24,16:09:00,127,511,36,19,2048,0,128,,,,,,,,,,26820,
2023-08-24,16:09:01,127,511,36,20,2048,0,128,,,,,,,,,,56803,
2023-08-24,16:09:02,127,511,36,20,2048,0,128,,,,,,,,,,42528,
2023-08-24,16:09:03,127,511,36,20,2048,0,128,,,,,,,,,,36705,
2023-08-24,16:09:04,127,511,35,22,2048,0,128,,,,,,,,,,17610,
2023-08-24,16:09:05,127,511,35,22,2048,0,128,,,,,,,,,,28043,
2023-08-24,16:09:06,127,511,34,22,2048,0,128,,,,,,,,,,21500,
2023-08-24,16:09:07,127,511,34,22,2048,0,128,,,,,,,,,,31421,
2023-08-24,16:09:08,127,511,32,26,2048,0,128,,,,,,,,,,54411,
2023-08-24,16:09:09,127,511,32,26,2048,0,128,,,,,,,,,,64970,
2023-08-24,16:09:10,127,511,32,26,2048,0,128,,,,,,,,,,31465,
2023-08-24,16:09:11,127,511,32,25,2048,0,128,,,,,,,,,,58816,
2023-08-24,16:09:12,127,511,32,25,2048,0,128,,,,,,,,,,40451,
2023-08-24,16:09:13,127,511,31,26,2048,0,128,,,,,,,,,,53238,
2023-08-24,16:09:14,127,511,31,26,2048,0,128,,,,,,,,,,4401,
2023-08-24,16:09:15,127,511,31,26,2048,0,128,,,,,,,,,,14448,
2023-08-24,16:09:16,127,511,37,22,2048,0,128,,,,,,,,,,26987,
2023-08-24,16:09:17,127,511,37,22,2048,0,128,,,,,,,,,,16426,
2023-08-24,16:09:18,127,511,37,22,2048,0,128,,,,,,,,,,50372,
2023-08-24,16:09:19,127,511,38,21,2048,0,128,,,,,,,,,,40482,
2023-08-24,16:09:20,127,511,38,21,2048,0,128,,,,,,,,,,57782,
2023-08-24,16:09:21,127,511,36,24,2048,0,128,,,,,,,,,,33301,
2023-08-24,16:09:22,127,511,36,24,2048,0,128,,,,,,,,,,63958,
2023-08-24,16:09:23,127,511,36,24,2048,0,128,,,,,,,,,,53399,
2023-08-24,16:09:24,127,511,36,26,2048,0,128,,,,,,,,,,54752,
2023-08-24,16:09:25,127,511,36,26,2048,0,128,,,,,,,,,,64673,
2023-08-24,16:09:26,127,511,35,24,2048,0,128,,,,,,,,,,37390,
2023-08-24,16:09:27,127,511,35,24,2048,0,128,,,,,,,,,,47951,
2023-08-24,16:09:28,127,511,35,24,2048,0,128,,,,,,,,,,16289,
2023-08-24,16:09:29,127,511,34,24,2048,0,128,,,,,,,,,,21332,
2023-08-24,16:09:30,127,511,34,24,2048,0,128,,,,,,,,,,54391,
2023-08-24,16:09:31,127,511,34,25,2048,0,128,,,,,,,,,,37102,
2023-08-24,16:09:32,127,511,34,25,2048,0,128,,,,,,,,,,60205,
2023-08-24,16:09:33,127,511,33,26,2048,0,128,,,,,,,,,,48169,
2023-08-24,16:09:34,127,511,33,26,2048,0,128,,,,,,,,,,25326,
2023-08-24,16:09:35,127,511,33,26,2048,0,128,,,,,,,,,,19375,
2023-08-24,16:09:36,127,511,35,22,2048,0,128,,,,,,,,,,6836,
2023-08-24,16:09:37,127,511,35,22,2048,0,128,,,,,,,,,,13301,
2023-08-24,16:09:38,127,511,35,22,2048,0,128,,,,,,,,,,46875,
2023-08-24,16:09:39,127,511,35,21,2048,0,128,,,,,,,,,,10290,
2023-08-24,16:09:40,127,511,35,21,2048,0,128,,,,,,,,,,46825,
2023-08-24,16:09:41,127,511,35,21,2048,0,128,,,,,,,,,,40872,
2023-08-24,16:09:42,127,511,34,23,2048,0,128,,,,,,,,,,31343,
2023-08-24,16:09:43,127,511,34,23,2048,0,128,,,,,,,,,,21294,
2023-08-24,16:09:44,127,511,34,23,2048,0,128,,,,,,,,,,36329,
2023-08-24,16:09:45,127,511,35,22,2048,0,128,,,,,,,,,,36036,
2023-08-24,16:09:46,127,511,35,22,2048,0,128,,,,,,,,,,63239,
2023-08-24,16:09:47,127,511,36,22,2048,0,128,,,,,,,,,,4250,
2023-08-24,16:09:48,127,511,36,22,2048,0,128,,,,,,,,,,38004,
2023-08-24,16:09:49,127,511,36,22,2048,0,128,,,,,,,,,,48437,
2023-08-24,16:09:50,127,511,34,23,2048,0,128,,,,,,,,,,56486,
2023-08-24,16:09:51,127,511,34,23,2048,0,128,,,,,,,,,,62951,
2023-08-24,16:09:52,127,511,34,23,2048,0,128,,,,,,,,,,36388,
2023-08-24,16:09:53,127,511,34,23,2048,0,128,,,,,,,,,,42853,
2023-08-24,16:09:54,127,511,34,23,2048,0,128,,,,,,,,,,31138,
2023-08-24,16:09:55,127,511,34,24,2048,0,128,,,,,,,,,,16842,
2023-08-24,16:09:56,127,511,34,24,2048,0,128,,,,,,,,,,14857,
2023-08-24,16:09:57,127,511,34,24,2048,0,128,,,,,,,,,,4936,
2023-08-24,16:09:58,127,511,35,24,2048,0,128,,,,,,,,,,53778,
2023-08-24,16:09:59,127,511,35,24,2048,0,128,,,,,,,,,,64339,
2023-08-24,16:10:00,127,511,35,24,2048,0,128,,,,,,,,,,28736,
2023-08-24,16:10:01,127,511,36,20,2048,0,128,,,,,,,,,,12444,
2023-08-24,16:10:02,127,511,36,20,2048,0,128,,,,,,,,,,19295,
2023-08-24,16:10:03,127,511,35,21,2048,0,128,,,,,,,,,,49434,
2023-08-24,16:10:04,127,511,35,21,2048,0,128,,,,,,,,,,8157,
2023-08-24,16:10:05,127,511,35,21,2048,0,128,,,,,,,,,,13980,
2023-08-24,16:10:06,127,511,36,21,2048,0,128,,,,,,,,,,33667,
2023-08-24,16:10:07,127,511,36,21,2048,0,128,,,,,,,,,,43714,
2023-08-24,16:10:08,127,511,36,21,2048,0,128,,,,,,,,,,11820,
2023-08-24,16:10:09,127,511,35,22,2048,0,128,,,,,,,,,,32729,
2023-08-24,16:10:10,127,511,35,22,2048,0,128,,,,,,,,,,63738,
2023-08-24,16:10:11,127,511,34,24,2048,0,128,,,,,,,,,,59646,
2023-08-24,16:10:12,127,511,34,24,2048,0,128,,,,,,,,,,37693,
2023-08-24,16:10:13,127,511,32,26,2048,0,128,,,,,,,,,,60501,
2023-08-24,16:10:14,127,511,32,26,2048,0,128,,,,,,,,,,12946,
2023-08-24,16:10:15,127,511,32,26,2048,0,128,,,,,,,,,,7123,
2023-08-24,16:10:16,127,511,32,26,2048,0,128,,,,,,,,,,24592,
2023-08-24,16:10:17,127,511,32,26,2048,0,128,,,,,,,,,,18769,
2023-08-24,16:10:18,127,511,32,26,2048,0,128,,,,,,,,,,52671,
2023-08-24,16:10:19,127,511,32,26,2048,0,128,,,,,,,,,,58622,
2023-08-24,16:10:20,127,511,32,26,2048,0,128,,,,,,,,,,39786,
2023-08-24,16:10:21,127,511,32,26,2048,0,128,,,,,,,,,,45611,
2023-08-24,16:10:22,127,511,32,26,2048,0,128,,,,,,,,,,51688,
2023-08-24,16:10:23,127,511,33,26,2048,0,128,,,,,,,,,,42269,
2023-08-24,16:10:24,127,511,33,26,2048,0,128,,,,,,,,,,31706,
2023-08-24,16:10:25,127,511,33,26,2048,0,128,,,,,,,,,,21147,
2023-08-24,16:10:26,127,511,33,26,2048,0,128,,,,,,,,,,10584,
2023-08-24,16:10:27,127,511,33,26,2048,0,128,,,,,,,,,,25,
2023-08-24,16:10:28,127,511,34,25,2048,0,128,,,,,,,,,,64178,
2023-08-24,16:10:29,127,511,34,25,2048,0,128,,,,,,,,,,54259,
2023-08-24,16:10:30,127,511,33,23,2048,0,128,,,,,,,,,,57356,
2023-08-24,16:10:31,127,511,33,23,2048,0,128,,,,,,,,,,51533,
2023-08-24,16:10:32,127,511,33,25,2048,0,128,,,,,,,,,,52863,
2023-08-24,16:10:33,127,511,33,25,2048,0,128,,,,,,,,,,59198,
2023-08-24,16:10:34,127,511,33,25,2048,0,128,,,,,,,,,,14841,
2023-08-24,16:10:35,127,511,33,26,2048,0,128,,,,,,,,,,42704,
2023-08-24,16:10:36,127,511,33,26,2048,0,128,,,,,,,,,,56595,
2023-08-24,16:10:37,127,511,33,26,2048,0,128,,,,,,,,,,62546,
2023-08-24,16:10:38,127,511,34,23,2048,0,128,,,,,,,,,,29192,
2023-08-24,16:10:39,127,511,34,23,2048,0,128,,,,,,,,,,23369,
2023-08-24,16:10:40,127,511,33,23,2048,0,128,,,,,,,,,,3519,
2023-08-24,16:10:41,127,511,33,23,2048,0,0,,,,,,,,,,16143,
2023-08-24,16:10:42,127,511,32,24,2048,0,0,,,,,,,,,,26195,
2023-08-24,16:10:43,127,511,32,24,2048,0,0,,,,,,,,,,64118,
2023-08-24,16:10:44,127,511,32,24,2048,0,0,,,,,,,,,,7918,
2023-08-24,16:10:45,127,511,32,25,2048,0,0,,,,,,,,,,46968,
2023-08-24,16:10:46,127,511,32,25,2048,0,0,,,,,,,,,,822,
2023-08-24,16:10:47,127,511,31,26,2048,0,0,,,,,,,,,,28379,
2023-08-24,16:10:48,127,511,31,26,2048,0,0,,,,,,,,,,11247,
2023-08-24,16:10:49,127,511,31,27,2048,0,0,,,,,,,,,,33401,
2023-08-24,16:10:50,127,511,31,27,2048,0,0,,,,,,,,,,55493,
2023-08-24,16:10:51,127,511,31,27,2048,0,0,,,,,,,,,,17632,
2023-08-24,16:10:52,127,511,31,27,2048,0,0,,,,,,,,,,61614,
2023-08-24,16:10:53,127,511,31,27,2048,0,0,,,,,,,,,,27787,
2023-08-24,16:10:54,127,511,33,26,2048,0,0,,,,,,,,,,30646,
2023-08-24,16:10:55,127,511,33,26,2048,0,0,,,,,,,,,,60307,
2023-08-24,16:10:56,127,511,34,24,2048,0,0,,,,,,,,,,8107,
2023-08-24,16:10:57,127,511,34,24,2048,0,0,,,,,,,,,,33678,
2023-08-24,16:10:58,127,511,34,24,2048,0,0,,,,,,,,,,50874,
2023-08-24,16:10:59,127,511,32,24,2048,0,0,,,,,,,,,,5252,
2023-08-24,16:11:00,127,511,32,24,2048,0,0,,,,,,,,,,13958,
2023-08-24,16:11:01,127,511,32,24,2048,0,0,,,,,,,,,,43683,
2023-08-24,16:11:02,127,511,29,23,2048,0,0,,,,,,,,,,5841,
2023-08-24,16:11:03,127,511,29,23,2048,0,0,,,,,,,,,,35572,
2023-08-24,16:11:04,127,511,32,23,2048,0,0,,,,,,,,,,61001,
2023-08-24,16:11:05,127,511,32,23,2048,0,0,,,,,,,,,,29292,
2023-08-24,16:11:06,127,511,32,23,2048,0,0,,,,,,,,,,50722,
2023-08-24,16:11:07,127,511,35,24,2048,0,0,,,,,,,,,,63758,
2023-08-24,16:11:08,127,511,35,24,2048,0,0,,,,,,,,,,48186,
2023-08-24,16:11:09,127,511,33,24,2048,0,0,,,,,,,,,,28164,
2023-08-24,16:11:10,127,511,33,24,2048,0,0,,,,,,,,,,13496,
2023-08-24,16:11:11,127,511,34,25,2048,0,0,,,,,,,,,,46654,
2023-08-24,16:11:12,127,511,34,25,2048,0,0,,,,,,,,,,624,
2023-08-24,16:11:13,127,511,34,25,2048,0,0,,,,,,,,,,40533,
2023-08-24,16:11:14,127,511,34,26,2048,0,0,,,,,,,,,,9240,
2023-08-24,16:11:15,127,511,34,26,2048,0,0,,,,,,,,,,47165,
2023-08-24,16:11:16,127,511,34,24,2048,0,0,,,,,,,,,,26389,
2023-08-24,16:11:17,127,511,34,24,2048,0,0,,,,,,,,,,64304,
2023-08-24,16:11:18,127,511,34,24,2048,0,0,,,,,,,,,,48644,
2023-08-24,16:11:19,127,511,33,26,2048,0,0,,,,,,,,,,25175,
2023-08-24,16:11:20,127,511,33,26,2048,0,0,,,,,,,,,,63105,
2023-08-24,16:11:21,127,511,33,26,2048,0,0,,,,,,,,,,27300,
2023-08-24,16:11:22,127,511,33,26,2048,0,0,,,,,,,,,,57066,
2023-08-24,16:11:23,127,511,33,26,2048,0,0,,,,,,,,,,17103,
2023-08-24,16:11:24,127,511,33,24,2048,0,0,,,,,,,,,,52529,
2023-08-24,16:11:25,127,511,33,24,2048,0,0,,,,,,,,,,20756,
2023-08-24,16:11:26,127,511,33,24,2048,0,0,,,,,,,,,,58714,
2023-08-24,16:11:27,127,511,33,24,2048,0,0,,,,,,,,,,31103,
2023-08-24,16:11:28,127,511,33,25,2048,0,0,,,,,,,,,,2552,
2023-08-24,16:11:29,127,511,33,25,2048,0,0,,,,,,,,,,38365,
2023-08-24,16:11:30,127,511,33,25,2048,0,0,,,,,,,,,,53089,
2023-08-24,16:11:31,127,511,33,25,2048,0,0,,,,,,,,,,21316,
2023-08-24,16:11:32,127,511,33,25,2048,0,0,,,,,,,,,,59146,
2023-08-24,16:11:33,127,511,33,25,2048,0,0,,,,,,,,,,31535,
2023-08-24,16:11:34,127,511,33,23,2048,0,0,,,,,,,,,,8733,
2023-08-24,16:11:35,127,511,33,23,2048,0,0,,,,,,,,,,48696,
2023-08-24,16:11:36,127,511,33,24,2048,0,0,,,,,,,,,,33391,
2023-08-24,16:11:37,127,511,33,24,2048,0,0,,,,,,,,,,7754,
2023-08-24,16:11:38,127,511,33,24,2048,0,0,,,,,,,,,,23422,
2023-08-24,16:11:39,127,511,34,23,2048,0,0,,,,,,,,,,25682,
2023-08-24,16:11:40,127,511,34,23,2048,0,0,,,,,,,,,,31857,
2023-08-24,16:11:41,127,511,34,23,2048,0,0,,,,,,,,,,57428,
2023-08-24,16:11:42,127,511,34,23,2048,0,0,,,,,,,,,,21530,
2023-08-24,16:11:43,127,511,33,24,2048,0,0,,,,,,,,,,27446,
2023-08-24,16:11:44,127,511,33,24,2048,0,0,,,,,,,,,,36782,
2023-08-24,16:11:45,127,511,33,24,2048,0,0,,,,,,,,,,5003,
2023-08-24,16:11:46,127,511,33,24,2048,0,0,,,,,,,,,,42949,
2023-08-24,16:11:47,127,511,33,23,2048,0,0,,,,,,,,,,46073,
2023-08-24,16:11:48,127,511,33,23,2048,0,0,,,,,,,,,,63181,
2023-08-24,16:11:49,127,511,33,24,2048,0,0,,,,,,,,,,58097,
2023-08-24,16:11:50,127,511,33,24,2048,0,0,,,,,,,,,,47181,
2023-08-24,16:11:51,127,511,33,24,2048,0,0,,,,,,,,,,9320,
2023-08-24,16:11:52,127,511,34,23,2048,0,0,,,,,,,,,,13103,
2023-08-24,16:11:53,127,511,34,23,2048,0,0,,,,,,,,,,44810,
2023-08-24,16:11:54,127,511,34,24,2048,0,0,,,,,,,,,,50059,
2023-08-24,16:11:55,127,511,34,24,2048,0,0,,,,,,,,,,24494,
2023-08-24,16:11:56,127,511,34,24,2048,0,0,,,,,,,,,,60384,
2023-08-24,16:11:57,127,511,34,27,2048,0,0,,,,,,,,,,10512,
2023-08-24,16:11:58,127,511,34,27,2048,0,0,,,,,,,,,,27684,
2023-08-24,16:11:59,127,511,34,24,2048,0,0,,,,,,,,,,44756,
2023-08-24,16:12:00,127,511,34,24,2048,0,0,,,,,,,,,,29793,
2023-08-24,16:12:01,127,511,34,24,2048,0,0,,,,,,,,,,59460,
2023-08-24,16:12:02,127,511,33,24,2048,0,0,,,,,,,,,,30490,
2023-08-24,16:12:03,127,511,33,24,2048,0,0,,,,,,,,,,60223,
2023-08-24,16:12:04,127,511,33,24,2048,0,0,,,,,,,,,,4007,
2023-08-24,16:12:05,127,511,33,24,2048,0,0,,,,,,,,,,37762,
2023-08-24,16:12:06,127,511,33,24,2048,0,0,,,,,,,,,,10188,
2023-08-24,16:12:07,127,511,33,23,2048,0,0,,,,,,,,,,13296,
2023-08-24,16:12:08,127,511,33,23,2048,0,0,,,,,,,,,,30404,
2023-08-24,16:12:09,127,511,32,24,2048,0,0,,,,,,,,,,2035,
2023-08-24,16:12:10,127,511,32,24,2048,0,0,,,,,,,,,,23887,
2023-08-24,16:12:11,127,511,32,24,2048,0,0,,,,,,,,,,49514,
2023-08-24,16:12:12,127,511,31,25,2048,0,0,,,,,,,,,,61322,
2023-08-24,16:12:13,127,511,31,25,2048,0,0,,,,,,,,,,29615,
2023-08-24,16:12:14,127,511,31,23,2048,0,0,,,,,,,,,,10909,
2023-08-24,16:12:15,127,511,31,23,2048,0,0,,,,,,,,,,46776,
2023-08-24,16:12:16,127,511,31,23,2048,0,0,,,,,,,,,,758,
2023-08-24,16:12:17,127,511,31,24,2048,0,0,,,,,,,,,,5834,
2023-08-24,16:12:18,127,511,31,24,2048,0,0,,,,,,,,,,21502,
2023-08-24,16:12:19,127,511,31,24,2048,0,0,,,,,,,,,,53211,
2023-08-24,16:12:20,127,511,32,22,2048,0,0,,,,,,,,,,18874,
2023-08-24,16:12:21,127,511,32,22,2048,0,0,,,,,,,,,,54687,
2023-08-24,16:12:22,127,511,31,25,2048,0,0,,,,,,,,,,18133,
2023-08-24,16:12:23,127,511,31,25,2048,0,0,,,,,,,,,,56048,
2023-08-24,16:12:24,127,511,31,25,2048,0,0,,,,,,,,,,15976,
2023-08-24,16:12:25,127,511,33,24,2048,0,0,,,,,,,,,,24040,
2023-08-24,16:12:26,127,511,33,24,2048,0,0,,,,,,,,,,59814,
2023-08-24,16:12:27,127,511,33,24,2048,0,0,,,,,,,,,,30083,
2023-08-24,16:12:28,127,511,33,24,2048,0,0,,,,,,,,,,12471,
2023-08-24,16:12:29,127,511,37,17,2048,0,0,,,,,,,,,,6257,
2023-08-24,16:12:30,127,511,37,17,2048,0,0,,,,,,,,,,17101,
2023-08-24,16:12:31,127,511,37,17,2048,0,0,,,,,,,,,,57064,
2023-08-24,16:12:32,127,511,34,23,2048,0,0,,,,,,,,,,32076,
2023-08-24,16:12:33,127,511,34,23,2048,0,0,,,,,,,,,,57705,
2023-08-24,16:12:34,127,511,34,23,2048,0,0,,,,,,,,,,1521,
2023-08-24,16:12:35,127,511,35,23,2048,0,0,,,,,,,,,,64735,
2023-08-24,16:12:36,127,511,35,23,2048,0,0,,,,,,,,,,18577,
2023-08-24,16:12:37,127,511,36,22,2048,0,0,,,,,,,,,,19994,
2023-08-24,16:12:38,127,511,36,22,2048,0,0,,,,,,,,,,2862,
2023-08-24,16:12:39,127,511,36,22,2048,0,0,,,,,,,,,,38667,
2023-08-24,16:12:40,127,511,34,25,2048,0,0,,,,,,,,,,52519,
2023-08-24,16:12:41,127,511,34,25,2048,0,0,,,,,,,,,,20738,
2023-08-24,16:12:42,127,511,34,25,2048,0,0,,,,,,,,,,58700,
2023-08-24,16:12:43,127,511,34,25,2048,0,0,,,,,,,,,,31081,
2023-08-24,16:12:44,127,511,34,27,2048,0,0,,,,,,,,,,63127,
2023-08-24,16:12:45,127,511,34,27,2048,0,0,,,,,,,,,,27314,
2023-08-24,16:12:46,127,511,34,27,2048,0,0,,,,,,,,,,57084,
2023-08-24,16:12:47,127,511,34,23,2048,0,0,,,,,,,,,,37909,
2023-08-24,16:12:48,127,511,34,23,2048,0,0,,,,,,,,,,53537,
2023-08-24,16:12:49,127,511,33,26,2048,0,0,,,,,,,,,,34155,
2023-08-24,16:12:50,127,511,33,26,2048,0,0,,,,,,,,,,57303,
2023-08-24,16:12:51,127,511,33,26,2048,0,0,,,,,,,,,,17394,
2023-08-24,16:12:52,127,511,33,26,2048,0,0,,,,,,,,,,63420,
2023-08-24,16:12:53,127,511,33,26,2048,0,0,,,,,,,,,,27545,
2023-08-24,16:12:54,127,511,32,24,2048,0,0,,,,,,,,,,33132,
2023-08-24,16:12:55,127,511,32,24,2048,0,0,,,,,,,,,,7497,
2023-08-24,16:12:56,127,511,32,24,2048,0,0,,,,,,,,,,43271,
2023-08-24,16:12:57,127,511,32,24,2048,0,0,,,,,,,,,,13602,
2023-08-24,16:12:58,127,511,32,24,2048,0,0,,,,,,,,,,28694,
2023-08-24,16:12:59,127,511,32,24,2048,0,0,,,,,,,,,,60467,
2023-08-24,16:13:00,127,511,33,23,2048,0,0,,,,,,,,,,8995,
2023-08-24,16:13:01,127,511,33,23,2048,0,0,,,,,,,,,,48902,
2023-08-24,16:13:02,127,511,32,25,2048,0,0,,,,,,,,,,54249,
2023-08-24,16:13:03,127,511,32,25,2048,0,0,,,,,,,,,,20428,
2023-08-24,16:13:04,127,511,32,26,2048,0,0,,,,,,,,,,62849,
2023-08-24,16:13:05,127,511,32,26,2048,0,0,,,,,,,,,,27044,
2023-08-24,16:13:06,127,511,32,25,2048,0,0,,,,,,,,,,33599,
2023-08-24,16:13:07,127,511,32,25,2048,0,0,,,,,,,,,,7962,
2023-08-24,16:13:08,127,511,32,25,2048,0,0,,,,,,,,,,23086,
2023-08-24,16:13:09,127,511,32,25,2048,0,0,,,,,,,,,,50699,
2023-08-24,16:13:10,127,511,32,25,2048,0,0,,,,,,,,,,40119,
2023-08-24,16:13:11,127,511,32,25,2048,0,0,,,,,,,,,,146,
2023-08-24,16:13:12,127,511,33,23,2048,0,0,,,,,,,,,,27773,
2023-08-24,16:13:13,127,511,33,23,2048,0,0,,,,,,,,,,61528,
2023-08-24,16:13:14,127,511,32,25,2048,0,0,,,,,,,,,,52321,
2023-08-24,16:13:15,127,511,32,25,2048,0,0,,,,,,,,,,20548,
2023-08-24,16:13:16,127,511,32,25,2048,0,0,,,,,,,,,,58378,
2023-08-24,16:13:17,127,511,32,26,2048,0,0,,,,,,,,,,9978,
2023-08-24,16:13:18,127,511,32,26,2048,0,0,,,,,,,,,,25550,
2023-08-24,16:13:19,127,511,33,24,2048,0,0,,,,,,,,,,61830,
2023-08-24,16:13:20,127,511,33,24,2048,0,0,,,,,,,,,,25936,
2023-08-24,16:13:21,127,511,33,24,2048,0,0,,,,,,,,,,63861,
2023-08-24,16:13:22,127,511,33,24,2048,0,0,,,,,,,,,,19771,
2023-08-24,16:13:23,127,511,33,24,2048,0,0,,,,,,,,,,53534,
2023-08-24,16:13:24,127,511,31,24,2048,0,0,,,,,,,,,,65424,
2023-08-24,16:13:25,127,511,31,24,2048,0,0,,,,,,,,,,25525,
2023-08-24,16:13:26,127,511,31,24,2048,0,0,,,,,,,,,,55291,
2023-08-24,16:13:27,127,511,31,23,2048,0,0,,,,,,,,,,50119,
2023-08-24,16:13:28,127,511,31,23,2048,0,0,,,,,,,,,,34547,
2023-08-24,16:13:29,127,511,31,23,2048,0,0,,,,,,,,,,6870,
2023-08-24,16:13:30,127,511,31,23,2048,0,0,,,,,,,,,,16490,
2023-08-24,16:13:31,127,511,31,25,2048,0,0,,,,,,,,,,25061,
2023-08-24,16:13:32,127,511,31,25,2048,0,0,,,,,,,,,,54699,
2023-08-24,16:13:33,127,511,31,25,2048,0,0,,,,,,,,,,18830,
2023-08-24,16:13:34,127,511,31,26,2048,0,0,,,,,,,,,,62403,
2023-08-24,16:13:35,127,511,31,26,2048,0,0,,,,,,,,,,28646,
2023-08-24,16:13:36,127,511,31,27,2048,0,0,,,,,,,,,,60955,
2023-08-24,16:13:37,127,511,31,27,2048,0,0,,,,,,,,,,29246,
2023-08-24,16:13:38,127,511,31,29,2048,0,0,,,,,,,,,,14105,
2023-08-24,16:13:39,127,511,31,29,2048,0,0,,,,,,,,,,43836,
2023-08-24,16:13:40,127,511,30,28,2048,0,0,,,,,,,,,,58279,
2023-08-24,16:13:41,127,511,30,28,2048,0,0,,,,,,,,,,32642,
2023-08-24,16:13:42,127,511,29,29,2048,0,0,,,,,,,,,,46156,
2023-08-24,16:13:43,127,511,29,29,2048,0,0,,,,,,,,,,10345,
2023-08-24,16:13:44,127,511,30,29,2048,0,0,,,,,,,,,,34498,
2023-08-24,16:13:45,127,511,30,29,2048,0,0,,,,,,,,,,6887,
2023-08-24,16:13:46,127,511,30,29,2048,0,0,,,,,,,,,,44713,
2023-08-24,16:13:47,127,511,30,29,2048,0,0,,,,,,,,,,12940,
2023-08-24,16:13:48,127,511,28,30,2048,32,0,,,,,,,,,,20917,
2023-08-24,16:13:49,127,511,28,30,2048,32,0,,,,,,,,,,13952,
2023-08-24,16:13:50,127,511,28,30,2048,32,0,,,,,,,,,,28991,
2023-08-24,16:13:51,127,511,28,30,2048,32,0,,,,,,,,,,5642,
2023-08-24,16:13:52,127,511,28,30,2048,32,0,,,,,,,,,,48981,
2023-08-24,16:13:53,127,511,28,30,2048,32,0,,,,,,,,,,55392,
2023-08-24,16:13:54,127,511,28,30,2048,32,128,,,,,,,,,,56609,
2023-08-24,16:13:55,127,511,28,30,2048,32,128,,,,,,,,,,10602,
2023-08-24,16:13:56,127,511,28,30,2048,32,128,,,,,,,,,,9622,
2023-08-24,16:13:57,127,511,28,30,2048,32,128,,,,,,,,,,53725,
2023-08-24,16:13:58,127,511,28,30,2048,32,128,,,,,,,,,,61137,
2023-08-24,16:13:59,127,511,28,30,2048,32,128,,,,,,,,,,6810,
2023-08-24,16:14:00,127,511,28,30,2048,32,128,,,,,,,,,,54212,
2023-08-24,16:14:01,127,511,28,30,2048,32,128,,,,,,,,,,10127,
2023-08-24,16:14:02,127,511,28,30,2048,32,128,,,,,,,,,,11123,
2023-08-24,16:14:03,127,511,28,30,2048,32,128,,,,,,,,,,57144,
2023-08-24,16:14:04,127,511,28,30,2048,32,128,,,,,,,,,,12939,
2023-08-24,16:14:05,127,511,28,30,2048,32,128,,,,,,,,,,50880,
2023-08-24,16:14:06,127,511,28,30,2048,32,128,,,,,,,,,,51772,
2023-08-24,16:14:07,127,511,28,30,2048,32,128,,,,,,,,,,15991,
2023-08-24,16:14:08,127,511,28,30,2048,32,128,,,,,,,,,,379,
2023-08-24,16:14:09,127,511,28,30,2048,32,128,,,,,,,,,,62768,
2023-08-24,16:14:10,127,511,28,30,2048,32,128,,,,,,,,,,14175,
2023-08-24,16:14:11,127,511,28,30,2048,32,128,,,,,,,,,,49940,
2023-08-24,16:14:12,127,511,28,30,2048,32,128,,,,,,,,,,53224,
2023-08-24,16:14:13,127,511,28,30,2048,32,128,,,,,,,,,,15267,
2023-08-24,16:14:14,127,511,28,30,2048,32,128,,,,,,,,,,54800,
2023-08-24,16:14:15,127,511,28,30,2048,32,128,,,,,,,,,,8795,
2023-08-24,16:14:16,127,511,28,30,2048,32,128,,,,,,,,,,11943,
2023-08-24,16:14:17,127,511,28,30,2048,32,128,,,,,,,,,,56044,
2023-08-24,16:14:18,127,511,127,127,2048,512,128,,,,,,,,,,40029,
2023-08-24,16:14:19,127,511,127,127,2048,512,128,,,,,,,,,,29433,
2023-08-24,16:14:20,127,511,127,127,2048,512,128,,,,,,,,,,16539,
2023-08-24,16:14:21,127,511,127,127,2048,512,128,,,,,,,,,,44607,
2023-08-24,16:14:22,127,511,127,127,2048,512,128,,,,,,,,,,36338,
2023-08-24,16:14:23,127,511,127,127,2048,512,128,,,,,,,,,,25430,
2023-08-24,16:14:24,127,511,127,127,2048,512,128,,,,,,,,,,51816,
2023-08-24,16:14:25,127,511,127,127,2048,512,128,,,,,,,,,,9420,
2023-08-24,16:14:26,127,511,127,127,2048,512,128,,,,,,,,,,1793,
2023-08-24,16:14:27,127,511,127,127,2048,512,128,,,,,,,,,,59813,
2023-08-24,16:14:28,127,511,127,127,2048,512,128,,,,,,,,,,17756,
2023-08-24,16:14:29,127,511,127,127,2048,512,128,,,,,,,,,,44024,
2023-08-24,16:14:30,127,511,127,127,2048,512,128,,,,,,,,,,63611,
2023-08-24,16:14:31,127,511,127,127,2048,512,128,,,,,,,,,,5855,
2023-08-24,16:14:32,127,511,127,127,2048,512,128,,,,,,,,,,13586,
2023-08-24,16:14:33,127,511,127,127,2048,512,128,,,,,,,,,,56246,
2023-08-24,16:14:34,127,511,127,127,2048,512,128,,,,,,,,,,29320,
2023-08-24,16:14:35,127,511,127,127,2048,512,128,,,,,,,,,,39980,
2023-08-24,16:14:36,127,511,127,127,2048,512,128,,,,,,,,,,49121,
2023-08-24,16:14:37,127,511,127,127,2048,512,128,,,,,,,,,,20805,
2023-08-24,16:14:38,127,511,127,127,2048,512,128,,,,,,,,,,64956,
2023-08-24,16:14:39,127,511,127,127,2048,512,128,,,,,,,,,,4888,
2023-08-24,16:14:40,127,511,127,127,2048,512,128,,,,,,,,,,58040,
2023-08-24,16:14:41,127,511,127,127,2048,512,128,,,,,,,,,,3100,
2023-08-24,16:14:42,127,511,127,127,2048,512,128,,,,,,,,,,12241,
2023-08-24,16:14:43,127,511,127,127,2048,512,128,,,,,,,,,,49525,
2023-08-24,16:14:44,127,511,127,127,2048,512,128,,,,,,,,,,26699,
2023-08-24,16:14:45,127,511,127,127,2048,512,128,,,,,,,,,,34543,
2023-08-24,16:14:46,127,511,127,127,2048,512,128,,,,,,,,,,42274,
2023-08-24,16:14:47,127,511,127,127,2048,512,128,,,,,,,,,,19334,
2023-08-24,16:14:48,127,511,127,127,2048,512,128,,,,,,,,,,59263,
2023-08-24,16:14:49,127,511,127,127,2048,512,128,,,,,,,,,,2523,
2023-08-24,16:14:50,127,511,127,127,2048,512,128,,,,,,,,,,23128,
2023-08-24,16:14:51,127,511,127,127,2048,512,128,,,,,,,,,,46332,
2023-08-24,16:14:52,127,511,127,127,2048,512,128,,,,,,,,,,38705,
2023-08-24,16:14:53,127,511,127,127,2048,512,128,,,,,,,,,,31125,
2023-08-24,16:14:54,127,511,127,127,2048,512,128,,,,,,,,,,53419,
2023-08-24,16:14:55,127,511,127,127,2048,512,128,,,,,,,,,,15887,
2023-08-24,16:14:56,127,511,48,127,2048,0,128,,,,,,,,,,63325,
2023-08-24,16:14:57,127,511,48,127,2048,0,128,,,,,,,,,,790,
2023-08-24,16:14:58,127,511,43,24,2048,0,128,,,,,,,,,,23832,
2023-08-24,16:14:59,127,511,43,24,2048,0,128,,,,,,,,,,29785,
2023-08-24,16:15:00,127,511,43,24,2048,0,128,,,,,,,,,,13471,
2023-08-24,16:15:01,127,511,40,23,2048,0,128,,,,,,,,,,49707,
2023-08-24,16:15:02,127,511,40,23,2048,0,128,,,,,,,,,,47592,
2023-08-24,16:15:03,127,511,35,25,2048,0,128,,,,,,,,,,55897,
2023-08-24,16:15:04,127,511,35,25,2048,0,128,,,,,,,,,,1182,
2023-08-24,16:15:05,127,511,32,26,2048,0,128,,,,,,,,,,21402,
2023-08-24,16:15:06,127,511,32,26,2048,0,128,,,,,,,,,,10329,
2023-08-24,16:15:07,127,511,32,26,2048,0,128,,,,,,,,,,280,
2023-08-24,16:15:08,127,511,32,25,2048,0,128,,,,,,,,,,13214,
2023-08-24,16:15:09,127,511,32,25,2048,0,128,,,,,,,,,,6879,
2023-08-24,16:15:10,127,511,30,26,2048,0,128,,,,,,,,,,41212,
2023-08-24,16:15:11,127,511,30,26,2048,0,128,,,,,,,,,,35261,
2023-08-24,16:15:12,127,511,29,27,2048,0,128,,,,,,,,,,31633,
2023-08-24,16:15:13,127,511,29,27,2048,0,128,,,,,,,,,,21200,
2023-08-24,16:15:14,127,511,30,27,2048,0,128,,,,,,,,,,26656,
2023-08-24,16:15:15,127,511,30,27,2048,0,128,,,,,,,,,,16737,
2023-08-24,16:15:16,127,511,30,27,2048,0,128,,,,,,,,,,15010,
2023-08-24,16:15:17,127,511,31,24,2048,0,128,,,,,,,,,,57407,
2023-08-24,16:15:18,127,511,31,24,2048,0,128,,,,,,,,,,25809,
2023-08-24,16:15:19,127,511,30,26,2048,0,128,,,,,,,,,,54164,
2023-08-24,16:15:20,127,511,30,26,2048,0,128,,,,,,,,,,44032,
2023-08-24,16:15:21,127,511,30,26,2048,0,128,,,,,,,,,,34113,
2023-08-24,16:15:22,127,511,29,26,2048,0,128,,,,,,,,,,6837,
2023-08-24,16:15:23,127,511,29,26,2048,0,128,,,,,,,,,,13300,
2023-08-24,16:15:24,127,511,29,27,2048,0,128,,,,,,,,,,33003,
2023-08-24,16:15:25,127,511,29,27,2048,0,128,,,,,,,,,,43434,
2023-08-24,16:15:26,127,511,28,27,2048,0,128,,,,,,,,,,38877,
2023-08-24,16:15:27,127,511,28,27,2048,0,128,,,,,,,,,,48796,
2023-08-24,16:15:28,127,511,28,27,2048,0,128,,,,,,,,,,14962,
2023-08-24,16:15:29,127,511,28,27,2048,0,128,,,,,,,,,,4915,
2023-08-24,16:15:30,127,511,28,28,2048,0,128,,,,,,,,,,56218,
2023-08-24,16:15:31,127,511,28,28,2048,0,128,,,,,,,,,,62171,
2023-08-24,16:15:32,127,511,28,28,2048,0,128,,,,,,,,,,35096,
2023-08-24,16:15:33,127,511,28,26,2048,0,128,,,,,,,,,,33291,
2023-08-24,16:15:34,127,511,28,26,2048,0,128,,,,,,,,,,23756,
2023-08-24,16:15:35,127,511,27,27,2048,0,128,,,,,,,,,,56730,
2023-08-24,16:15:36,127,511,27,27,2048,0,128,,,,,,,,,,42585,
2023-08-24,16:15:37,127,511,27,27,2048,0,128,,,,,,,,,,36632,
2023-08-24,16:15:38,127,511,27,27,2048,0,128,,,,,,,,,,3062,
2023-08-24,16:15:39,127,511,27,28,2048,0,128,,,,,,,,,,27965,
2023-08-24,16:15:40,127,511,27,28,2048,0,128,,,,,,,,,,62438,
2023-08-24,16:15:41,127,511,26,29,2048,0,128,,,,,,,,,,62155,
2023-08-24,16:15:42,127,511,26,29,2048,0,128,,,,,,,,,,35080,
2023-08-24,16:15:43,127,511,27,29,2048,0,128,,,,,,,,,,58877,
2023-08-24,16:15:44,127,511,27,29,2048,0,128,,,,,,,,,,15162,
2023-08-24,16:15:45,127,511,27,29,2048,0,128,,,,,,,,,,4731,
2023-08-24,16:15:46,127,511,27,29,2048,0,128,,,,,,,,,,27064,
2023-08-24,16:15:47,127,511,27,29,2048,0,128,,,,,,,,,,16633,
2023-08-24,16:15:48,127,511,28,29,2048,0,128,,,,,,,,,,472,
2023-08-24,16:15:49,127,511,28,29,2048,0,128,,,,,,,,,,10393,
2023-08-24,16:15:50,127,511,28,28,2048,0,128,,,,,,,,,,49762,
2023-08-24,16:15:51,127,511,28,28,2048,0,128,,,,,,,,,,60195,
2023-08-24,16:15:52,127,511,28,28,2048,0,128,,,,,,,,,,37088,
2023-08-24,16:15:53,127,511,28,28,2048,0,0,,,,,,,,,,1564,
2023-08-24,16:15:54,127,511,28,28,2048,0,0,,,,,,,,,,57988,
2023-08-24,16:15:55,127,511,28,28,2048,0,0,,,,,,,,,,32417,
2023-08-24,16:15:56,127,511,28,28,2048,0,0,,,,,,,,,,51951,
2023-08-24,16:15:57,127,511,28,28,2048,0,0,,,,,,,,,,22218,
2023-08-24,16:15:58,127,511,28,28,2048,0,0,,,,,,,,,,5118,
2023-08-24,16:15:59,127,511,28,28,2048,0,0,,,,,,,,,,36827,
2023-08-24,16:16:00,127,511,28,28,2048,0,0,,,,,,,,,,21870,
2023-08-24,16:16:01,127,511,28,28,2048,0,0,,,,,,,,,,51531,
2023-08-24,16:16:02,127,511,28,28,2048,0,0,,,,,,,,,,32005,
2023-08-24,16:16:03,127,511,28,28,2048,0,0,,,,,,,,,,57632,
2023-08-24,16:16:04,127,511,28,28,2048,0,0,,,,,,,,,,1464,
2023-08-24,16:16:05,127,511,28,28,2048,0,0,,,,,,,,,,39325,
2023-08-24,16:16:06,127,511,28,28,2048,0,0,,,,,,,,,,11731,
2023-08-24,16:16:07,127,511,28,28,2048,0,0,,,,,,,,,,45558,
2023-08-24,16:16:08,127,511,28,28,2048,0,0,,,,,,,,,,62658,
2023-08-24,16:16:09,127,511,28,28,2048,0,0,,,,,,,,,,26855,
2023-08-24,16:16:10,127,511,28,28,2048,0,0,,,,,,,,,,12891,
2023-08-24,16:16:11,127,511,28,28,2048,0,0,,,,,,,,,,44670,
2023-08-24,16:16:12,127,511,28,28,2048,0,0,,,,,,,,,,6704,
2023-08-24,16:16:13,127,511,28,28,2048,0,0,,,,,,,,,,34325,
2023-08-24,16:16:14,127,511,28,28,2048,0,0,,,,,,,,,,25229,
2023-08-24,16:16:15,127,511,28,28,2048,0,0,,,,,,,,,,65192,
2023-08-24,16:16:16,127,511,28,28,2048,0,0,,,,,,,,,,19174,
2023-08-24,16:16:17,127,511,28,28,2048,0,0,,,,,,,,,,54979,
2023-08-24,16:16:18,127,511,28,28,2048,0,0,,,,,,,,,,37879,
2023-08-24,16:16:19,127,511,28,28,2048,0,0,,,,,,,,,,4050,
2023-08-24,16:16:20,127,511,28,28,2048,0,0,,,,,,,,,,39684,
2023-08-24,16:16:21,127,511,28,28,2048,0,0,,,,,,,,,,1825,
2023-08-24,16:16:22,127,511,28,28,2048,0,0,,,,,,,,,,45935,
2023-08-24,16:16:23,127,511,28,28,2048,0,0,,,,,,,,,,12106,
2023-08-24,16:16:24,127,511,127,127,2048,512,0,,,,,,,,,,23293,
2023-08-24,16:16:25,127,511,127,127,2048,512,0,,,,,,,,,,48742,
2023-08-24,16:16:26,127,511,127,127,2048,512,0,,,,,,,,,,33770,
2023-08-24,16:16:27,127,511,127,127,2048,512,0,,,,,,,,,,26481,
2023-08-24,16:16:28,127,511,127,127,2048,512,0,,,,,,,,,,44237,
2023-08-24,16:16:29,127,511,127,127,2048,512,0,,,,,,,,,,18518,
2023-08-24,16:16:30,127,511,127,127,2048,512,0,,,,,,,,,,56920,
2023-08-24,16:16:31,127,511,127,127,2048,512,0,,,,,,,,,,15043,
2023-08-24,16:16:32,127,511,127,127,2048,512,0,,,,,,,,,,1871,
2023-08-24,16:16:33,127,511,127,127,2048,512,0,,,,,,,,,,58324,
2023-08-24,16:16:34,127,511,127,127,2048,512,0,,,,,,,,,,31831,
2023-08-24,16:16:35,127,511,127,127,2048,512,0,,,,,,,,,,39116,
2023-08-24,16:16:36,127,511,127,127,2048,512,0,,,,,,,,,,42304,
2023-08-24,16:16:37,127,511,127,127,2048,512,0,,,,,,,,,,16859,
2023-08-24,16:16:38,127,511,127,127,2048,512,0,,,,,,,,,,35431,
2023-08-24,16:16:39,127,511,127,127,2048,512,0,,,,,,,,,,28412,
2023-08-24,16:16:40,127,511,127,127,2048,512,0,,,,,,,,,,12046,
2023-08-24,16:16:41,127,511,127,127,2048,512,0,,,,,,,,,,52117,
2023-08-24,16:16:42,127,511,127,127,2048,512,0,,,,,,,,,,63001,
2023-08-24,16:16:43,127,511,127,127,2048,512,0,,,,,,,,,,4738,
2023-08-24,16:16:44,127,511,127,127,2048,512,0,,,,,,,,,,36097,
2023-08-24,16:16:45,127,511,127,127,2048,512,0,,,,,,,,,,27034,
2023-08-24,16:16:46,127,511,127,127,2048,512,0,,,,,,,,,,21526,
2023-08-24,16:16:47,127,511,127,127,2048,512,0,,,,,,,,,,45197,
2023-08-24,16:16:48,127,511,127,127,2048,512,0,,,,,,,,,,31537,
2023-08-24,16:16:49,127,511,127,127,2048,512,0,,,,,,,,,,40874,
2023-08-24,16:16:50,127,511,127,127,2048,512,0,,,,,,,,,,2468,
2023-08-24,16:16:51,127,511,127,127,2048,512,0,,,,,,,,,,60735,
2023-08-24,16:16:52,127,511,127,127,2048,512,0,,,,,,,,,,53427,
2023-08-24,16:16:53,127,511,127,127,2048,512,0,,,,,,,,,,13352,
2023-08-24,16:16:54,127,511,127,127,2048,512,0,,,,,,,,,,43947,
2023-08-24,16:16:55,127,511,127,127,2048,512,0,,,,,,,,,,20272,
2023-08-24,16:16:56,127,511,127,127,2048,512,0,,,,,,,,,,29372,
2023-08-24,16:16:57,127,511,44,127,2048,0,0,,,,,,,,,,26484,
2023-08-24,16:16:58,127,511,44,127,2048,0,0,,,,,,,,,,19221,
2023-08-24,16:16:59,127,511,44,127,2048,0,0,,,,,,,,,,11296,
2023-08-24,16:17:00,127,511,40,22,2048,0,0,,,,,,,,,,56779,
2023-08-24,16:17:01,127,511,40,22,2048,0,0,,,,,,,,,,16878,
2023-08-24,16:17:02,127,511,40,22,2048,0,0,,,,,,,,,,62880,
2023-08-24,16:17:03,127,511,36,23,2048,0,0,,,,,,,,,,38692,
2023-08-24,16:17:04,127,511,36,23,2048,0,0,,,,,,,,,,29628,
2023-08-24,16:17:05,127,511,30,27,2048,0,0,,,,,,,,,,30542,
2023-08-24,16:17:06,127,511,30,27,2048,0,0,,,,,,,,,,49920,
2023-08-24,16:17:07,127,511,29,27,2048,0,0,,,,,,,,,,5398,
2023-08-24,16:17:08,127,511,29,27,2048,0,0,,,,,,,,,,20514,
2023-08-24,16:17:09,127,511,30,27,2048,0,0,,,,,,,,,,34356,
2023-08-24,16:17:10,127,511,30,27,2048,0,0,,,,,,,,,,56456,
2023-08-24,16:17:11,127,511,29,29,2048,0,0,,,,,,,,,,2701,
2023-08-24,16:17:12,127,511,29,29,2048,0,0,,,,,,,,,,48835,
2023-08-24,16:17:13,127,511,29,29,2048,0,0,,,,,,,,,,8934,
2023-08-24,16:17:14,127,511,29,26,2048,0,0,,,,,,,,,,62430,
2023-08-24,16:17:15,127,511,29,26,2048,0,0,,,,,,,,,,28667,
2023-08-24,16:17:16,127,511,31,23,2048,0,0,,,,,,,,,,6130,
2023-08-24,16:17:17,127,511,31,23,2048,0,0,,,,,,,,,,35799,
2023-08-24,16:17:18,127,511,31,23,2048,0,0,,,,,,,,,,52963,
2023-08-24,16:17:19,127,511,30,26,2048,0,0,,,,,,,,,,54450,
2023-08-24,16:17:20,127,511,30,26,2048,0,0,,,,,,,,,,16484,
2023-08-24,16:17:21,127,511,30,25,2048,0,0,,,,,,,,,,33428,
2023-08-24,16:17:22,127,511,30,25,2048,0,0,,,,,,,,,,14042,
2023-08-24,16:17:23,127,511,29,27,2048,0,0,,,,,,,,,,35754,
2023-08-24,16:17:24,127,511,29,27,2048,0,0,,,,,,,,,,28466,
2023-08-24,16:17:25,127,511,28,28,2048,0,0,,,,,,,,,,41916,
2023-08-24,16:17:26,127,511,28,28,2048,0,0,,,,,,,,,,6130,
2023-08-24,16:17:27,127,511,28,28,2048,0,0,,,,,,,,,,35799,
2023-08-24,16:17:28,127,511,28,27,2048,0,0,,,,,,,,,,64323,
2023-08-24,16:17:29,127,511,28,27,2048,0,0,,,,,,,,,,26470,
2023-08-24,16:17:30,127,511,28,27,2048,0,0,,,,,,,,,,15834,
2023-08-24,16:17:31,127,511,28,27,2048,0,0,,,,,,,,,,41471,
2023-08-24,16:17:32,127,511,28,27,2048,0,0,,,,,,,,,,5553,
2023-08-24,16:17:33,127,511,28,27,2048,0,0,,,,,,,,,,35220,
2023-08-24,16:17:34,127,511,28,28,2048,0,0,,,,,,,,,,22700,
2023-08-24,16:17:35,127,511,28,28,2048,0,0,,,,,,,,,,50313,
2023-08-24,16:17:36,127,511,25,29,2048,0,0,,,,,,,,,,48201,
2023-08-24,16:17:37,127,511,25,29,2048,0,0,,,,,,,,,,8300,
2023-08-24,16:17:38,127,511,24,30,2048,32,0,,,,,,,,,,22856,
2023-08-24,16:17:39,127,511,24,30,2048,32,0,,,,,,,,,,15997,
2023-08-24,16:17:40,127,511,23,31,2048,32,0,,,,,,,,,,57019,
2023-08-24,16:17:41,127,511,23,31,2048,32,0,,,,,,,,,,47502,
2023-08-24,16:17:42,127,511,22,32,2048,32,0,,,,,,,,,,18921,
2023-08-24,16:17:43,127,511,25,33,2048,32,0,,,,,,,,,,32291,
2023-08-24,16:17:44,127,511,25,33,2048,32,0,,,,,,,,,,23433,
2023-08-24,16:17:45,127,511,26,33,2048,32,0,,,,,,,,,,26041,
2023-08-24,16:17:46,127,511,26,33,2048,32,0,,,,,,,,,,52454,
2023-08-24,16:17:47,127,511,27,31,2048,32,0,,,,,,,,,,10013,
2023-08-24,16:17:48,127,511,27,31,2048,32,0,,,,,,,,,,2940,
2023-08-24,16:17:49,127,511,26,32,2048,32,0,,,,,,,,,,13681,
2023-08-24,16:17:50,127,511,26,32,2048,32,0,,,,,,,,,,29390,
2023-08-24,16:17:51,127,511,26,31,2048,32,0,,,,,,,,,,31680,
2023-08-24,16:17:52,127,511,26,31,2048,32,0,,,,,,,,,,53919,
2023-08-24,16:17:53,127,511,26,31,2048,32,0,,,,,,,,,,46506,
2023-08-24,16:17:54,127,511,26,31,2048,32,128,,,,,,,,,,55377,
2023-08-24,16:17:55,127,511,26,31,2048,32,128,,,,,,,,,,11290,
2023-08-24,16:17:56,127,511,26,31,2048,32,128,,,,,,,,,,8422,
2023-08-24,16:17:57,127,511,26,31,2048,32,128,,,,,,,,,,54445,
2023-08-24,16:17:58,127,511,26,31,2048,32,128,,,,,,,,,,60321,
2023-08-24,16:17:59,127,511,26,31,2048,32,128,,,,,,,,,,8170,
2023-08-24,16:18:00,127,511,26,31,2048,32,128,,,,,,,,,,54131,
2023-08-24,16:18:01,127,511,26,31,2048,32,128,,,,,,,,,,10040,
2023-08-24,16:18:02,127,511,26,31,2048,32,128,,,,,,,,,,11204,
2023-08-24,16:18:03,127,511,26,31,2048,32,128,0,65535,0,65535,13.00,57.00,6,26,Full,6410,
2023-08-24,16:18:04,127,511,26,31,2048,32,128,,,,,,,,,,12860,
2023-08-24,16:18:05,127,511,26,31,2048,32,128,,,,,,,,,,50807,
2023-08-24,16:18:06,127,511,26,31,2048,32,128,,,,,,,,,,51851,
2023-08-24,16:18:07,127,511,26,31,2048,32,128,,,,,,,,,,16064,
2023-08-24,16:18:08,127,511,26,31,2048,32,128,,,,,,,,,,460,
2023-08-24,16:18:09,127,511,26,31,2048,32,128,,,,,,,,,,62855,
2023-08-24,16:18:10,127,511,26,31,2048,32,128,,,,,,,,,,14312,
2023-08-24,16:18:11,127,511,26,31,2048,32,128,,,,,,,,,,50083,
2023-08-24,16:18:12,127,511,26,31,2048,32,128,0,65535,0,65535,13.00,57.00,6,26,Full,17373,
2023-08-24,16:18:13,127,511,26,31,2048,0,128,0,65535,0,65535,13.00,57.00,6,33,Full,60286,
2023-08-24,16:18:14,127,511,26,31,2048,0,128,,,,,,,,,,51537,
2023-08-24,16:18:15,127,511,26,31,2048,0,128,,,,,,,,,,57360,
2023-08-24,16:18:16,127,511,26,31,2048,0,128,,,,,,,,,,39891,
2023-08-24,16:18:17,127,511,26,31,2048,0,128,,,,,,,,,,45714,
2023-08-24,16:18:18,127,511,26,31,2048,0,128,,,,,,,,,,13948,
2023-08-24,16:18:19,127,511,26,31,2048,0,128,,,,,,,,,,7997,
2023-08-24,16:18:20,127,511,26,31,2048,0,128,,,,,,,,,,24745,
2023-08-24,16:18:21,127,511,26,31,2048,0,128,,,,,,,,,,18920,
2023-08-24,16:18:22,127,511,26,31,2048,0,128,,,,,,,,,,12843,
2023-08-24,16:18:23,127,511,26,31,2048,0,128,,,,,,,,,,7018,
2023-08-24,16:18:24,127,511,26,31,2048,0,128,,,,,,,,,,50605,
2023-08-24,16:18:25,127,511,127,127,2048,512,128,,,,,,,,,,64246,
2023-08-24,16:18:26,127,511,127,127,2048,512,128,,,,,,,,,,55611,
2023-08-24,16:18:27,127,511,127,127,2048,512,128,,,,,,,,,,14239,
2023-08-24,16:18:28,127,511,127,127,2048,512,128,,,,,,,,,,39782,
2023-08-24,16:18:29,127,511,127,127,2048,512,128,,,,,,,,,,30146,
2023-08-24,16:18:30,127,511,127,127,2048,512,128,,,,,,,,,,9793,
2023-08-24,16:18:31,127,511,127,127,2048,512,128,,,,,,,,,,51429,
2023-08-24,16:18:32,127,511,127,127,2048,512,128,,,,,,,,,,60200,
2023-08-24,16:18:33,127,511,127,127,2048,512,128,,,,,,,,,,1420,
2023-08-24,16:18:34,127,511,127,127,2048,512,128,,,,,,,,,,44210,
2023-08-24,16:18:35,127,511,127,127,2048,512,128,,,,,,,,,,16918,
2023-08-24,16:18:36,127,511,127,127,2048,512,128,,,,,,,,,,25051,
2023-08-24,16:18:37,127,511,127,127,2048,512,128,,,,,,,,,,36735,
2023-08-24,16:18:38,127,511,127,127,2048,512,128,,,,,,,,,,9094,
2023-08-24,16:18:39,127,511,127,127,2048,512,128,,,,,,,,,,52514,
2023-08-24,16:18:40,127,511,127,127,2048,512,128,,,,,,,,,,15490,
2023-08-24,16:18:41,127,511,127,127,2048,512,128,,,,,,,,,,53798,
2023-08-24,16:18:42,127,511,127,127,2048,512,128,,,,,,,,,,61931,
2023-08-24,16:18:43,127,511,127,127,2048,512,128,,,,,,,,,,8015,
2023-08-24,16:18:44,127,511,127,127,2048,512,128,,,,,,,,,,46705,
2023-08-24,16:18:45,127,511,127,127,2048,512,128,,,,,,,,,,22741,
2023-08-24,16:18:46,127,511,127,127,2048,512,128,,,,,,,,,,31512,
2023-08-24,16:18:47,127,511,127,127,2048,512,128,,,,,,,,,,38332,
2023-08-24,16:18:48,127,511,127,127,2048,512,128,,,,,,,,,,14661,
2023-08-24,16:18:49,127,511,127,127,2048,512,128,,,,,,,,,,55265,
2023-08-24,16:18:50,127,511,127,127,2048,512,128,,,,,,,,,,33890,
2023-08-24,16:18:51,127,511,127,127,2048,512,128,,,,,,,,,,27334,
2023-08-24,16:18:52,127,511,127,127,2048,512,128,,,,,,,,,,18699,
2023-08-24,16:18:53,127,511,127,127,2048,512,128,,,,,,,,,,42927,
2023-08-24,16:18:54,127,511,127,127,2048,512,128,,,,,,,,,,3729,
2023-08-24,16:18:55,127,511,127,127,2048,512,128,,,,,,,,,,57397,
2023-08-24,16:18:56,127,511,127,127,2048,512,128,,,,,,,,,,50168,
2023-08-24,16:18:57,127,511,127,127,2048,512,128,,,,,,,,,,11612,
2023-08-24,16:18:58,127,511,127,127,2048,512,128,,,,,,,,,,33189,
2023-08-24,16:18:59,127,511,38,127,2048,0,128,,,,,,,,,,11607,
2023-08-24,16:19:00,127,511,38,127,2048,0,128,,,,,,,,,,41875,
2023-08-24,16:19:01,127,511,33,27,2048,0,128,,,,,,,,,,24875,
2023-08-24,16:19:02,127,511,33,27,2048,0,128,,,,,,,,,,6888,
2023-08-24,16:19:03,127,511,32,29,2048,0,128,,,,,,,,,,21583,
2023-08-24,16:19:04,127,511,32,29,2048,0,128,,,,,,,,,,35464,
2023-08-24,16:19:05,127,511,30,30,2048,0,128,,,,,,,,,,32465,
2023-08-24,16:19:06,127,511,30,30,2048,0,128,,,,,,,,,,1298,
2023-08-24,16:19:07,127,511,30,29,2048,0,128,,,,,,,,,,31267,
2023-08-24,16:19:08,127,511,30,29,2048,0,128,,,,,,,,,,65229,
2023-08-24,16:19:09,127,511,30,29,2048,0,128,,,,,,,,,,55180,
2023-08-24,16:19:10,127,511,29,29,2048,0,128,,,,,,,,,,46232,
2023-08-24,16:19:11,127,511,29,29,2048,0,128,,,,,,,,,,40409,
2023-08-24,16:19:12,127,511,27,29,2048,0,128,,,,,,,,,,26209,
2023-08-24,16:19:13,127,511,27,29,2048,0,128,,,,,,,,,,20256,
2023-08-24,16:19:14,127,511,28,26,2048,0,128,,,,,,,,,,7074,
2023-08-24,16:19:15,127,511,28,26,2048,0,128,,,,,,,,,,13027,
2023-08-24,16:19:16,127,511,28,30,2048,0,128,,,,,,,,,,20698,
2023-08-24,16:19:17,127,511,28,30,2048,0,128,,,,,,,,,,31131,
2023-08-24,16:19:18,127,511,28,30,2048,0,128,,,,,,,,,,64885,
2023-08-24,16:19:19,127,511,28,30,2048,0,128,,,,,,,,,,54324,
2023-08-24,16:19:20,127,511,27,31,2048,0,128,,,,,,,,,,951,
2023-08-24,16:19:21,127,511,27,31,2048,0,128,,,,,,,,,,10998,
2023-08-24,16:19:22,127,511,27,33,2048,0,128,,,,,,,,,,35461,
2023-08-24,16:19:23,127,511,27,33,2048,0,128,,,,,,,,,,41924,
2023-08-24,16:19:24,127,511,27,31,2048,0,128,,,,,,,,,,42675,
2023-08-24,16:19:25,127,511,27,31,2048,0,128,,,,,,,,,,36850,
2023-08-24,16:19:26,127,511,27,31,2048,0,128,,,,,,,,,,62513,
2023-08-24,16:19:27,127,511,27,31,2048,0,128,,,,,,,,,,56688,
2023-08-24,16:19:28,127,511,28,29,2048,0,128,,,,,,,,,,43001,
2023-08-24,16:19:29,127,511,28,29,2048,0,128,,,,,,,,,,36536,
2023-08-24,16:19:30,127,511,27,29,2048,0,128,,,,,,,,,,52308,
2023-08-24,16:19:31,127,511,27,29,2048,0,128,,,,,,,,,,58645,
2023-08-24,16:19:32,127,511,27,28,2048,0,128,,,,,,,,,,62222,
2023-08-24,16:19:33,127,511,27,28,2048,0,128,,,,,,,,,,55887,
2023-08-24,16:19:34,127,511,26,29,2048,0,128,,,,,,,,,,11492,
2023-08-24,16:19:35,127,511,26,29,2048,0,128,,,,,,,,,,1445,
2023-08-24,16:19:36,127,511,26,29,2048,0,128,,,,,,,,,,32358,
2023-08-24,16:19:37,127,511,26,29,2048,0,128,,,,,,,,,,22311,
2023-08-24,16:19:38,127,511,26,29,2048,0,128,,,,,,,,,,54217,
2023-08-24,16:19:39,127,511,26,29,2048,0,128,,,,,,,,,,64136,
2023-08-24,16:19:40,127,511,26,30,2048,0,128,,,,,,,,,,12835,
2023-08-24,16:19:41,127,511,26,30,2048,0,128,,,,,,,,,,7010,
2023-08-24,16:19:42,127,511,25,30,2048,0,128,,,,,,,,,,44669,
2023-08-24,16:19:43,127,511,25,30,2048,0,128,,,,,,,,,,34620,
2023-08-24,16:19:44,127,511,25,30,2048,0,128,,,,,,,,,,23035,
2023-08-24,16:19:45,127,511,26,27,2048,0,128,,,,,,,,,,51780,
2023-08-24,16:19:46,127,511,26,30,2048,0,128,,,,,,,,,,50597,
2023-08-24,16:19:47,127,511,26,30,2048,0,128,,,,,,,,,,60644,
2023-08-24,16:19:48,127,511,26,30,2048,0,128,,,,,,,,,,26634,
2023-08-24,16:19:49,127,511,26,29,2048,0,128,,,,,,,,,,5947,
2023-08-24,16:19:50,127,511,26,29,2048,0,128,,,,,,,,,,36888,
2023-08-24,16:19:51,127,511,27,28,2048,0,128,,,,,,,,,,37173,
2023-08-24,16:19:52,127,511,27,28,2048,0,128,,,,,,,,,,60150,
2023-08-24,16:19:53,127,511,27,30,2048,0,0,,,,,,,,,,28296,
2023-08-24,16:19:54,127,511,27,30,2048,0,0,,,,,,,,,,35344,
2023-08-24,16:19:55,127,511,28,27,2048,0,0,,,,,,,,,,30961,
2023-08-24,16:19:56,127,511,28,27,2048,0,0,,,,,,,,,,52415,
2023-08-24,16:19:57,127,511,28,27,2048,0,0,,,,,,,,,,20634,
2023-08-24,16:19:58,127,511,29,27,2048,0,0,,,,,,,,,,28837,
2023-08-24,16:19:59,127,511,29,27,2048,0,0,,,,,,,,,,60544,
2023-08-24,16:20:00,127,511,28,28,2048,0,0,,,,,,,,,,28954,
2023-08-24,16:20:01,127,511,28,28,2048,0,0,,,,,,,,,,60735,
2023-08-24,16:20:02,127,511,27,27,2048,0,0,,,,,,,,,,24570,
2023-08-24,16:20:03,127,511,27,27,2048,0,0,,,,,,,,,,50143,
2023-08-24,16:20:04,127,511,27,27,2048,0,0,,,,,,,,,,10055,
2023-08-24,16:20:05,127,511,29,24,2048,0,0,,,,,,,,,,45975,
2023-08-24,16:20:06,127,511,27,28,2048,0,0,,,,,,,,,,14988,
2023-08-24,16:20:07,127,511,27,28,2048,0,0,,,,,,,,,,42665,
2023-08-24,16:20:08,127,511,27,28,2048,0,0,,,,,,,,,,58269,
2023-08-24,16:20:09,127,511,27,28,2048,0,0,,,,,,,,,,32696,
2023-08-24,16:20:10,127,511,27,28,2048,0,0,,,,,,,,,,9476,
2023-08-24,16:20:11,127,511,27,28,2048,0,0,,,,,,,,,,47393,
2023-08-24,16:20:12,127,511,37,11,2048,0,0,,,,,,,,,,56413,
2023-08-24,16:20:13,127,511,37,11,2048,0,0,,,,,,,,,,16504,
2023-08-24,16:20:14,127,511,37,11,2048,0,0,,,,,,,,,,42208,
2023-08-24,16:20:15,127,511,37,11,2048,0,0,,,,,,,,,,14533,
2023-08-24,16:20:16,127,511,37,11,2048,0,0,,,,,,,,,,35979,
2023-08-24,16:20:17,127,511,37,11,2048,0,0,,,,,,,,,,4270,
2023-08-24,16:20:18,127,511,37,11,2048,0,0,,,,,,,,,,21914,
2023-08-24,16:20:19,127,511,37,11,2048,0,0,,,,,,,,,,51647,
2023-08-24,16:20:20,127,511,37,11,2048,0,0,,,,,,,,,,23913,
2023-08-24,16:20:21,127,511,37,11,2048,0,0,,,,,,,,,,49484,
2023-08-24,16:20:22,127,511,37,11,2048,0,0,,,,,,,,,,29954,
2023-08-24,16:20:23,127,511,37,11,2048,0,0,,,,,,,,,,59687,
2023-08-24,16:20:24,127,511,37,11,2048,0,0,,,,,,,,,,3519,
2023-08-24,16:20:25,127,511,37,11,2048,0,0,,,,,,,,,,37274,
2023-08-24,16:20:26,127,511,37,11,2048,0,0,,,,,,,,,,9684,
2023-08-24,16:20:27,127,511,37,11,2048,0,0,,,,,,,,,,47601,
2023-08-24,16:20:28,127,511,37,11,2048,0,0,,,,,,,,,,64709,
2023-08-24,16:20:29,127,511,37,11,2048,0,0,,,,,,,,,,24800,
2023-08-24,16:20:30,127,511,37,11,2048,0,0,,,,,,,,,,14940,
2023-08-24,16:20:31,127,511,37,11,2048,0,0,,,,,,,,,,42617,
2023-08-24,16:20:32,127,511,37,11,2048,0,0,,,,,,,,,,4663,
2023-08-24,16:20:33,127,511,37,11,2048,0,0,,,,,,,,,,36370,
2023-08-24,16:20:34,127,511,37,11,2048,0,0,,,,,,,,,,27274,
2023-08-24,16:20:35,127,511,37,11,2048,0,0,,,,,,,,,,63151,
2023-08-24,16:20:36,127,511,37,11,2048,0,0,,,,,,,,,,17121,
2023-08-24,16:20:37,127,511,37,11,2048,0,0,,,,,,,,,,57028,
2023-08-24,16:20:38,127,511,37,11,2048,0,0,,,,,,,,,,39920,
2023-08-24,16:20:39,127,511,37,11,2048,0,0,,,,,,,,,,2005,
2023-08-24,16:20:40,127,511,37,11,2048,0,0,,,,,,,,,,8182,
2023-08-24,16:20:41,127,511,37,11,2048,0,0,,,,,,,,,,33747,
2023-08-24,16:20:42,127,511,127,127,2048,512,0,,,,,,,,,,3950,
2023-08-24,16:20:43,127,511,127,127,2048,512,0,,,,,,,,,,60405,
2023-08-24,16:20:44,127,511,127,127,2048,512,0,,,,,,,,,,29814,
2023-08-24,16:20:45,127,511,127,127,2048,512,0,,,,,,,,,,37101,
2023-08-24,16:20:46,127,511,127,127,2048,512,0,,,,,,,,,,44385,
2023-08-24,16:20:47,127,511,127,127,2048,512,0,,,,,,,,,,18938,
2023-08-24,16:20:48,127,511,127,127,2048,512,0,,,,,,,,,,33350,
2023-08-24,16:20:49,127,511,127,127,2048,512,0,,,,,,,,,,26333,
2023-08-24,16:20:50,127,511,127,127,2048,512,0,,,,,,,,,,61651,
2023-08-24,16:20:51,127,511,127,127,2048,512,0,,,,,,,,,,5192,
2023-08-24,16:20:52,127,511,127,127,2048,512,0,,,,,,,,,,10692,
2023-08-24,16:20:53,127,511,127,127,2048,512,0,,,,,,,,,,52575,
2023-08-24,16:20:54,127,511,127,127,2048,512,0,,,,,,,,,,21212,
2023-08-24,16:20:55,127,511,127,127,2048,512,0,,,,,,,,,,46663,
2023-08-24,16:20:56,127,511,127,127,2048,512,0,,,,,,,,,,35787,
2023-08-24,16:20:57,127,511,127,127,2048,512,128,,,,,,,,,,33115,
2023-08-24,16:20:58,127,511,127,127,2048,512,128,,,,,,,,,,11682,
2023-08-24,16:20:59,127,511,127,127,2048,512,128,,,,,,,,,,49926,
2023-08-24,16:21:00,127,511,127,127,2048,512,0,,,,,,,,,,62513,
2023-08-24,16:21:01,127,511,127,127,2048,512,0,,,,,,,,,,4266,
2023-08-24,16:21:02,127,511,127,127,2048,512,128,,,,,,,,,,62628,
2023-08-24,16:21:03,127,511,127,127,2048,512,128,,,,,,,,,,6656,
2023-08-24,16:21:04,127,511,127,127,2048,512,128,,,,,,,,,,45886,
2023-08-24,16:21:05,127,511,127,127,2048,512,128,,,,,,,,,,23962,
2023-08-24,16:21:06,127,511,127,127,2048,512,128,,,,,,,,,,32343,
2023-08-24,16:21:07,127,511,127,127,2048,512,128,,,,,,,,,,37107,
2023-08-24,16:21:08,127,511,127,127,2048,512,128,,,,,,,,,,15370,
2023-08-24,16:21:09,127,511,127,127,2048,512,128,,,,,,,,,,53934,
2023-08-24,16:21:10,127,511,127,127,2048,512,128,,,,,,,,,,33069,
2023-08-24,16:21:11,127,511,127,127,2048,512,128,,,,,,,,,,28553,
2023-08-24,16:21:12,127,511,127,127,2048,512,128,,,,,,,,,,19524,
2023-08-24,16:21:13,127,511,127,127,2048,512,128,,,,,,,,,,41696,
2023-08-24,16:21:14,127,511,127,127,2048,512,128,,,,,,,,,,3038,
2023-08-24,16:21:15,127,511,127,127,2048,512,128,,,,,,,,,,58746,
2023-08-24,16:21:16,127,511,127,127,2048,512,128,,,,,,,,,,50871,
2023-08-24,16:21:17,127,511,127,127,2048,512,128,,,,,,,,,,10259,
2023-08-24,16:21:18,127,511,127,127,2048,512,128,,,,,,,,,,34026,
2023-08-24,16:21:19,127,511,127,127,2048,512,128,,,,,,,,,,27214,
2023-08-24,16:21:20,127,511,127,127,2048,512,128,,,,,,,,,,22572,
2023-08-24,16:21:21,127,511,127,127,2048,512,128,,,,,,,,,,46728,
2023-08-24,16:21:22,127,511,127,127,2048,512,128,,,,,,,,,,38213,
2023-08-24,16:21:23,127,511,127,127,2048,512,128,,,,,,,,,,31713,
2023-08-24,16:21:24,127,511,127,127,2048,512,128,,,,,,,,,,53983,
2023-08-24,16:21:25,127,511,127,127,2048,512,128,,,,,,,,,,15483,
2023-08-24,16:21:26,127,511,127,127,2048,512,128,,,,,,,,,,8118,
2023-08-24,16:21:27,127,511,127,127,2048,512,128,,,,,,,,,,61714,
2023-08-24,16:21:28,127,511,127,127,2048,512,128,,,,,,,,,,24043,
2023-08-24,16:21:29,127,511,127,127,2048,512,128,,,,,,,,,,45903,
2023-08-24,16:21:30,127,511,127,127,2048,512,128,,,,,,,,,,57548,
2023-08-24,16:21:31,127,511,127,127,2048,512,128,,,,,,,,,,3688,
2023-08-24,16:21:32,127,511,127,127,2048,512,128,,,,,,,,,,11685,
2023-08-24,16:21:33,127,511,127,127,2048,512,128,,,,,,,,,,49921,
2023-08-24,16:21:34,127,511,127,127,2048,512,128,,,,,,,,,,27199,
2023-08-24,16:21:35,127,511,127,127,2048,512,128,,,,,,,,,,33947,
2023-08-24,16:21:36,127,511,127,127,2048,512,128,,,,,,,,,,42838,
2023-08-24,16:21:37,127,511,127,127,2048,512,128,,,,,,,,,,18930,
2023-08-24,16:21:38,127,511,127,127,2048,512,128,,,,,,,,,,58635,
2023-08-24,16:21:39,127,511,127,127,2048,512,128,,,,,,,,,,2991,
2023-08-24,16:21:40,127,511,127,127,2048,512,128,,,,,,,,,,64015,
2023-08-24,16:21:41,127,511,127,127,2048,512,128,,,,,,,,,,5291,
2023-08-24,16:21:42,127,511,127,127,2048,512,128,,,,,,,,,,14182,
2023-08-24,16:21:43,127,511,127,127,2048,512,128,,,,,,,,,,55746,
2023-08-24,16:21:44,127,511,127,127,2048,512,128,,,,,,,,,,28924,
2023-08-24,16:21:45,127,511,127,127,2048,512,128,,,,,,,,,,40536,
2023-08-24,16:21:46,127,511,127,127,2048,512,128,,,,,,,,,,48533,
2023-08-24,16:21:47,127,511,127,127,2048,512,128,,,,,,,,,,21297,
2023-08-24,16:21:48,127,511,127,127,2048,512,128,,,,,,,,,,65480,
2023-08-24,16:21:49,127,511,127,127,2048,512,128,,,,,,,,,,4460,
2023-08-24,16:21:50,127,511,127,127,2048,512,128,,,,,,,,,,17135,
2023-08-24,16:21:51,127,511,127,127,2048,512,128,,,,,,,,,,44107,
2023-08-24,16:21:52,127,511,127,127,2048,512,128,,,,,,,,,,36742,
2023-08-24,16:21:53,127,511,127,127,2048,512,128,,,,,,,,,,24866,
2023-08-24,16:21:54,127,511,127,127,2048,512,128,,,,,,,,,,51228,
2023-08-24,16:21:55,127,511,127,127,2048,512,128,,,,,,,,,,9912,
2023-08-24,16:21:56,127,511,127,127,2048,512,128,,,,,,,,,,1397,
2023-08-24,16:21:57,127,511,127,127,2048,512,128,,,,,,,,,,60369,
2023-08-24,16:21:58,127,511,127,127,2048,512,128,,,,,,,,,,18216,
2023-08-24,16:21:59,127,511,127,127,2048,512,128,,,,,,,,,,43404,
2023-08-24,16:22:00,127,511,127,127,2048,512,128,,,,,,,,,,34387,
2023-08-24,16:22:01,127,511,127,127,2048,512,128,,,,,,,,,,26871,
2023-08-24,16:22:02,127,511,127,127,2048,512,128,,,,,,,,,,19258,
2023-08-24,16:22:03,127,511,127,127,2048,512,128,,,,,,,,,,42398,
2023-08-24,16:22:04,127,511,127,127,2048,512,128,,,,,,,,,,3232,
2023-08-24,16:22:05,127,511,127,127,2048,512,128,,,,,,,,,,57860,
2023-08-24,16:22:06,127,511,127,127,2048,512,128,,,,,,,,,,49609,
2023-08-24,16:22:07,127,511,127,127,2048,512,128,,,,,,,,,,12141,
2023-08-24,16:22:08,127,511,127,127,2048,512,128,,,,,,,,,,33684,
2023-08-24,16:22:09,127,511,127,127,2048,512,128,,,,,,,,,,27952,
2023-08-24,16:22:10,127,511,127,127,2048,512,128,,,,,,,,,,16051,
2023-08-24,16:22:11,127,511,127,127,2048,512,128,,,,,,,,,,53271,
2023-08-24,16:22:12,127,511,127,127,2048,512,128,,,,,,,,,,62426,
2023-08-24,16:22:13,127,511,127,127,2048,512,128,,,,,,,,,,7550,
2023-08-24,16:22:14,127,511,127,127,2048,512,128,,,,,,,,,,46144,
2023-08-24,16:22:15,127,511,127,127,2048,512,128,,,,,,,,,,23268,
2023-08-24,16:22:16,127,511,127,127,2048,512,128,,,,,,,,,,31017,
2023-08-24,16:22:17,127,511,127,127,2048,512,128,,,,,,,,,,38797,
2023-08-24,16:22:18,127,511,127,127,2048,512,128,,,,,,,,,,15220,
2023-08-24,16:22:19,127,511,127,127,2048,512,128,,,,,,,,,,54736,
2023-08-24,16:22:20,127,511,127,127,2048,512,128,,,,,,,,,,59314,
2023-08-24,16:22:21,127,511,127,127,2048,512,128,,,,,,,,,,2326,
2023-08-24,16:22:22,127,511,127,127,2048,512,128,,,,,,,,,,10971,
2023-08-24,16:22:23,127,511,127,127,2048,512,128,,,,,,,,,,50303,
2023-08-24,16:22:24,127,511,127,127,2048,512,128,,,,,,,,,,27969,
2023-08-24,16:22:25,127,511,127,127,2048,512,128,,,,,,,,,,33765,
2023-08-24,16:22:26,127,511,127,127,2048,512,128,,,,,,,,,,41000,
2023-08-24,16:22:27,127,511,127,127,2048,512,128,,,,,,,,,,20108,
2023-08-24,16:22:28,127,511,127,127,2048,512,128,,,,,,,,,,57973,
2023-08-24,16:22:29,127,511,127,127,2048,512,128,,,,,,,,,,3281,
2023-08-24,16:22:30,127,511,127,127,2048,512,128,,,,,,,,,,24402,
2023-08-24,16:22:31,127,511,127,127,2048,512,128,,,,,,,,,,45558,
2023-08-24,16:22:32,127,511,127,127,2048,512,128,,,,,,,,,,37435,
2023-08-24,16:22:33,127,511,127,127,2048,512,128,,,,,,,,,,31903,
2023-08-24,16:22:34,127,511,127,127,2048,512,128,,,,,,,,,,54689,
2023-08-24,16:22:35,127,511,127,127,2048,512,128,,,,,,,,,,15109,
2023-08-24,16:22:36,127,511,127,127,2048,512,128,,,,,,,,,,6344,
2023-08-24,16:22:37,127,511,127,127,2048,512,128,,,,,,,,,,63084,
2023-08-24,16:22:38,127,511,127,127,2048,512,128,,,,,,,,,,23189,
2023-08-24,16:22:39,127,511,127,127,2048,512,128,,,,,,,,,,46129,
2023-08-24,16:22:40,127,511,127,127,2048,512,128,,,,,,,,,,17809,
2023-08-24,16:22:41,127,511,127,127,2048,512,128,,,,,,,,,,43829,
2023-08-24,16:22:42,127,511,127,127,2048,512,128,,,,,,,,,,35064,
2023-08-24,16:22:43,127,511,127,127,2048,512,128,,,,,,,,,,26204,
2023-08-24,16:22:44,127,511,127,127,2048,512,128,,,,,,,,,,53090,
2023-08-24,16:22:45,127,511,127,127,2048,512,128,,,,,,,,,,8646,
2023-08-24,16:22:46,127,511,127,127,2048,512,128,,,,,,,,,,523,
2023-08-24,16:22:47,127,511,127,127,2048,512,128,,,,,,,,,,60591,
2023-08-24,16:22:48,127,511,127,127,2048,512,128,,,,,,,,,,16470,
2023-08-24,16:22:49,127,511,127,127,2048,512,128,,,,,,,,,,44786,
2023-08-24,16:22:50,127,511,127,127,2048,512,128,,,,,,,,,,64881,
2023-08-24,16:22:51,127,511,127,127,2048,512,128,,,,,,,,,,5077,
2023-08-24,16:22:52,127,511,127,127,2048,512,128,,,,,,,,,,12312,
2023-08-24,16:22:53,127,511,127,127,2048,512,128,,,,,,,,,,57020,
2023-08-24,16:22:54,127,511,127,127,2048,512,128,,,,,,,,,,30594,
2023-08-24,16:22:55,127,511,127,127,2048,512,128,,,,,,,,,,39206,
2023-08-24,16:22:56,127,511,127,127,2048,512,128,,,,,,,,,,47851,
2023-08-24,16:22:57,127,511,127,127,2048,512,128,,,,,,,,,,21583,
2023-08-24,16:22:58,127,511,127,127,2048,512,128,,,,,,,,,,63670,
2023-08-24,16:22:59,127,511,127,127,2048,512,128,,,,,,,,,,5650,
2023-08-24,16:23:00,127,511,127,127,2048,512,128,,,,,,,,,,60633,
2023-08-24,16:23:01,127,511,127,127,2048,512,128,,,,,,,,,,637,
2023-08-24,16:23:02,127,511,127,127,2048,512,0,,,,,,,,,,19655,
2023-08-24,16:23:03,127,511,127,127,2048,512,0,,,,,,,,,,43100,
2023-08-24,16:23:04,127,511,127,127,2048,512,0,,,,,,,,,,14303,
2023-08-24,16:23:05,127,511,127,127,2048,512,0,,,,,,,,,,54084,
2023-08-24,16:23:06,127,511,127,127,2048,512,0,,,,,,,,,,61128,
2023-08-24,16:23:07,127,511,127,127,2048,512,0,,,,,,,,,,2643,
2023-08-24,16:23:08,127,511,127,127,2048,512,0,,,,,,,,,,49647,
2023-08-24,16:23:09,127,511,127,127,2048,512,0,,,,,,,,,,9588,
2023-08-24,16:23:10,127,511,127,127,2048,512,0,,,,,,,,,,45946,
2023-08-24,16:23:11,127,511,127,127,2048,512,0,,,,,,,,,,22497,
